worker_id,external_id,judgments_count,missed_count,golds_count,forgiven_count,channel,country,region,city,last_ip,flagged_at,rejected_at,bonus,flag_reason,trust_overall,submission_rate,level_1_contributors,tr_crowd_official
1872775,87330,0,0,0,0,prodege,,,,,,,0,,1.0,0,1.0,
3262732,168748,5,5,5,0,irazoo,USA,OH,Cincinnati,72.49.145.125,,,0,,0.0,0,1.0,
4316379,1810745,0,0,0,0,prodege,,,,,,,0,,1.0,0,1.0,
6309240,4594674,0,0,0,0,prodege,,,,,,,0,,1.0,0,1.0,
6329575,3618847,0,0,0,0,clixsense,,,,,,,0,,1.0,0,1.0,
6329782,3430360,0,0,0,0,clixsense,,,,,,,0,,1.0,0,1.0,
6329810,3476156,0,0,0,0,clixsense,,,,,,,0,,1.0,0,1.0,
6332168,3382898,0,0,0,0,clixsense,,,,,,,0,,1.0,0,,1.0
6333782,3463253,0,0,0,0,clixsense,,,,,,,0,,1.0,0,1.0,
6333857,3202621,0,0,0,0,clixsense,,,,,,,0,,1.0,0,1.0,
6335134,3429290,0,0,0,0,clixsense,,,,,,,0,,1.0,0,1.0,
6337268,3428059,0,0,0,0,clixsense,,,,,,,0,,1.0,0,1.0,
6338402,3467951,0,0,0,0,clixsense,,,,,,,0,,1.0,0,1.0,1.0
6338920,3932762,0,0,0,0,clixsense,,,,,,,0,,1.0,0,1.0,
6340330,2127297,0,0,0,0,clixsense,,,,,,,0,,1.0,0,1.0,
6342275,2118004,0,0,0,0,clixsense,,,,,,,0,,1.0,0,1.0,
6347829,3615821,5,3,5,0,clixsense,MEX,06,Chihuahua,189.202.42.112,,,0,,0.4,300,1.0,
6348848,2477671,0,0,0,0,clixsense,,,,,,,0,,1.0,0,1.0,
6358885,2983924,0,0,0,0,clixsense,,,,,,,0,,1.0,0,1.0,
6362675,2964401,0,0,0,0,clixsense,,,,,,,0,,1.0,0,1.0,
6362702,3911127,0,0,0,0,clixsense,,,,,,,0,,1.0,0,1.0,
6362789,3167622,0,0,0,0,clixsense,,,,,,,0,,1.0,0,1.0,
6362816,3528847,0,0,0,0,clixsense,,,,,,,0,,1.0,0,1.0,
6362822,3462810,0,0,0,0,clixsense,,,,,,,0,,1.0,0,1.0,1.0
6373098,3268093,0,0,0,0,clixsense,,,,,,,0,,1.0,0,1.0,
6405789,3562435,0,0,0,0,clixsense,,,,,,,0,,1.0,0,1.0,
6451293,3446685,0,0,0,0,clixsense,,,,,,,0,,1.0,0,1.0,1.0
6460366,3818391,0,0,0,0,clixsense,,,,,,,0,,1.0,0,1.0,
6467004,3191649,0,0,0,0,clixsense,,,,,,,0,,1.0,0,1.0,1.0
6492187,3893004,0,0,0,0,clixsense,,,,,,,0,,1.0,0,1.0,1.0
6494576,3465845,0,0,0,0,clixsense,,,,,,,0,,1.0,0,1.0,
6496661,3933725,0,0,0,0,clixsense,,,,,,,0,,1.0,0,1.0,
6518528,3451966,0,0,0,0,clixsense,,,,,,,0,,1.0,0,1.0,
6531751,3976395,0,0,0,0,clixsense,,,,,,,0,,1.0,0,1.0,
6549241,3855577,5,5,5,0,clixsense,TUR,83,Gaziantep,88.249.63.223,,,0,,0.0,0,,1.0
6572914,3879409,0,0,0,0,clixsense,,,,,,,0,,1.0,0,1.0,
6573214,172698,0,0,0,0,fusioncash,,,,,,,0,,1.0,0,1.0,
6574449,2614188,0,0,0,0,clixsense,,,,,,,0,,1.0,0,1.0,
6594279,3546876,0,0,0,0,clixsense,,,,,,,0,,1.0,0,1.0,
6631846,3418686,5,2,5,0,clixsense,TUR,38,Kocasinan,88.249.57.204,,,0,,0.6,0,1.0,1.0
6657086,3228815,0,0,0,0,clixsense,,,,,,,0,,1.0,0,1.0,
6764268,4018985,0,0,0,0,clixsense,,,,,,,0,,1.0,0,1.0,
6916874,4028908,0,0,0,0,clixsense,,,,,,,0,,1.0,0,,1.0
7117281,3287222,0,0,0,0,clixsense,,,,,,,0,,1.0,0,1.0,
7120724,4046420,0,0,0,0,clixsense,,,,,,,0,,1.0,0,1.0,
7168803,3459294,0,0,0,0,clixsense,,,,,,,0,,1.0,0,1.0,
7202055,3488459,0,0,0,0,clixsense,,,,,,,0,,1.0,0,1.0,
7321778,4060848,0,0,0,0,clixsense,,,,,,,0,,1.0,0,1.0,
7344788,3469229,0,0,0,0,clixsense,,,,,,,0,,1.0,0,1.0,
7432835,4071970,0,0,0,0,clixsense,,,,,,,0,,1.0,0,1.0,1.0
7606098,4086334,1680,20,334,6,clixsense,TUR,60,Tokat,78.167.207.36,,,0,,0.9401,93,,1.0
7609785,4088120,0,0,0,0,clixsense,,,,,,,0,,1.0,0,1.0,
7835407,4109894,0,0,0,0,clixsense,,,,,,,0,,1.0,0,1.0,
7837812,4110103,0,0,0,0,clixsense,,,,,,,0,,1.0,0,1.0,
7998682,4113375,0,0,0,0,clixsense,,,,,,,0,,1.0,0,1.0,
8184251,3894032,0,0,0,0,clixsense,,,,,,,0,,1.0,0,1.0,
8715359,5194438,0,0,0,0,prodege,,,,,,,0,,1.0,0,1.0,
8848602,4203637,0,0,0,0,clixsense,,,,,,,0,,1.0,0,1.0,
8938322,3412691,0,0,0,0,clixsense,,,,,,,0,,1.0,0,1.0,
8941631,3735243,0,0,0,0,clixsense,,,,,,,0,,1.0,0,1.0,
9006833,3237131,0,0,0,0,clixsense,,,,,,,0,,1.0,0,1.0,
9107177,4225526,0,0,0,0,clixsense,,,,,,,0,,1.0,0,,1.0
9161909,4232012,0,0,0,0,clixsense,,,,,,,0,,1.0,0,1.0,
9232361,3433530,0,0,0,0,clixsense,,,,,,,0,,1.0,0,1.0,
9314578,3443375,0,0,0,0,clixsense,,,,,,,0,,1.0,0,1.0,
9337043,3396883,0,0,0,0,clixsense,,,,,,,0,,1.0,0,1.0,
9370944,4253803,0,0,0,0,clixsense,,,,,,,0,,1.0,0,1.0,
9691064,4294809,0,0,0,0,clixsense,,,,,,,0,,1.0,0,1.0,
10264364,4372011,0,0,0,0,clixsense,,,,,,,0,,1.0,0,1.0,
10388032,4388278,0,0,0,0,clixsense,,,,,,,0,,1.0,0,1.0,
11006107,65F3848375818D1CAADFB62A30C6BB71,0,0,0,0,neodev,,,,,,,0,,1.0,0,1.0,
11009815,3426267,0,0,0,0,clixsense,,,,,,,0,,1.0,0,1.0,
11011083,813B3AA0D7F42F6F24750D543524A854,0,0,0,0,neodev,,,,,,,0,,1.0,0,1.0,
11016863,D0B20C4AC0190D980FA9E28369487118,0,0,0,0,neodev,,,,,,,0,,1.0,0,1.0,
11020226,54799D9B15BA9CDE0DD4E15F98F7C799,0,0,0,0,neodev,,,,,,,0,,1.0,0,1.0,
11028795,390158B19304725741A29D4352C72707,0,0,0,0,neodev,,,,,,,0,,1.0,0,1.0,
11029231,46A89350DAE5D98EAADFB62A30C6BB71,0,0,0,0,neodev,,,,,,,0,,1.0,0,1.0,
11031542,FC920BD8F5A90AA9DD6A67EA287D2489,0,0,0,0,neodev,,,,,,,0,,1.0,0,1.0,
11035243,C699A2C520ADF0CF2BFA95FAD8D0CB36,0,0,0,0,neodev,,,,,,,0,,1.0,0,1.0,1.0
11041975,42426110F79C8D736964A2442E880D82,0,0,0,0,neodev,,,,,,,0,,1.0,0,1.0,
11060734,D2D987E100A8325A0FA9E28369487118,0,0,0,0,neodev,,,,,,,0,,1.0,0,1.0,
11064916,F3412D40364B0E6F2BFA95FAD8D0CB36,0,0,0,0,neodev,,,,,,,0,,1.0,0,1.0,
11075499,499610320E8C6B8B41A29D4352C72707,0,0,0,0,neodev,,,,,,,0,,1.0,0,1.0,
11178231,137C5B8648817013DD6A67EA287D2489,0,0,0,0,neodev,,,,,,,0,,1.0,0,1.0,
11194916,71DE1EEEEFF7D68DAADFB62A30C6BB71,0,0,0,0,neodev,,,,,,,0,,1.0,0,1.0,
11195789,051A4623AF3E8AB1DD6A67EA287D2489,0,0,0,0,neodev,,,,,,,0,,1.0,0,1.0,
11298115,FC25BCE39BCCE2CA24750D543524A854,5,4,5,0,neodev,TUR,16,Bursa,78.177.226.66,,,0,,0.2,300,,1.0
11342616,0413159722D866B7DD6A67EA287D2489,0,0,0,0,neodev,,,,,,,0,,1.0,0,1.0,
11349202,E684577FA39D5BF6044935D48A84480F,0,0,0,0,neodev,,,,,,,0,,1.0,0,1.0,
11376021,68281B3CA912F2E2044935D48A84480F,0,0,0,0,neodev,,,,,,,0,,1.0,0,1.0,
11461054,CE5481D1BC7A5695044935D48A84480F,0,0,0,0,neodev,,,,,,,0,,1.0,0,1.0,
11481352,5B24C4E0689F57F641A29D4352C72707,0,0,0,0,neodev,,,,,,,0,,1.0,0,1.0,
11517193,4497767,0,0,0,0,clixsense,,,,,,,0,,1.0,0,1.0,
11529865,E866075FDFC4EFCB0DD4E15F98F7C799,0,0,0,0,neodev,,,,,,,0,,1.0,0,1.0,
11667493,D3DD2E883A82F3B0AADFB62A30C6BB71,0,0,0,0,neodev,,,,,,,0,,1.0,0,1.0,
11690404,4517058,0,0,0,0,clixsense,,,,,,,0,,1.0,0,1.0,
11714505,DC2BEBF5D6255E6CAADFB62A30C6BB71,0,0,0,0,neodev,,,,,,,0,,1.0,0,1.0,
11767390,3025174,0,0,0,0,clixsense,,,,,,,0,,1.0,0,1.0,
11795148,4527309,0,0,0,0,clixsense,,,,,,,0,,1.0,0,1.0,
11821478,4529963,0,0,0,0,clixsense,,,,,,,0,,1.0,0,1.0,
11911928,08D1A6B93B33E971AADFB62A30C6BB71,0,0,0,0,neodev,,,,,,,0,,1.0,0,1.0,
11975072,9278DD699A511A4C6964A2442E880D82,0,0,0,0,neodev,,,,,,,0,,1.0,0,1.0,
12016510,4550049,0,0,0,0,clixsense,,,,,,,0,,1.0,0,1.0,
12067259,9D1A59960938D17993CA06397A287A80,0,0,0,0,neodev,,,,,,,0,,1.0,0,1.0,
12143383,4566604,0,0,0,0,clixsense,,,,,,,0,,1.0,0,1.0,
12160415,F2F3B6D1AD24B81924750D543524A854,0,0,0,0,neodev,,,,,,,0,,1.0,0,1.0,
12166719,4568266,0,0,0,0,clixsense,,,,,,,0,,1.0,0,1.0,
12502861,4C63097F7F64E9C6044935D48A84480F,0,0,0,0,neodev,,,,,,,0,,1.0,0,1.0,
12656323,4621482,0,0,0,0,clixsense,,,,,,,0,,1.0,0,1.0,
12666028,31B3A8DB10A236E893CA06397A287A80,5,2,5,0,neodev,TUR,38,Kayseri,95.9.227.118,,,0,,0.6,300,,1.0
12781140,4633065,0,0,0,0,clixsense,,,,,,,0,,1.0,0,1.0,
12974325,377F6AA25C8E24A3044935D48A84480F,0,0,0,0,neodev,,,,,,,0,,1.0,0,1.0,
12987338,4658122,0,0,0,0,clixsense,,,,,,,0,,1.0,0,1.0,
12992946,4653777,0,0,0,0,clixsense,,,,,,,0,,1.0,0,1.0,
12999102,4659116,0,0,0,0,clixsense,,,,,,,0,,1.0,0,1.0,
13060883,B0BEAA402A54303BDD6A67EA287D2489,0,0,0,0,neodev,,,,,,,0,,1.0,0,1.0,
13160156,BD9326A8485D4D490FA9E28369487118,40,3,11,1,neodev,TUR,16,Bursa,176.42.31.91,,,0,,0.7273,300,,1.0
13426363,4693124,0,0,0,0,clixsense,,,,,,,0,,1.0,0,1.0,
13489583,23D3635F45BE86A693CA06397A287A80,0,0,0,0,neodev,,,,,,,0,,1.0,0,1.0,
13581319,jjbsmom,0,0,0,0,instagc,,,,,,,0,,1.0,0,1.0,
13854098,4785730,0,0,0,0,clixsense,,,,,,,0,,1.0,0,1.0,
13906457,4793841,0,0,0,0,clixsense,,,,,,,0,,1.0,0,1.0,
14155509,4827532,0,0,0,0,clixsense,,,,,,,0,,1.0,0,1.0,
14218973,4835763,0,0,0,0,clixsense,,,,,,,0,,1.0,0,1.0,
14265126,1BDBCF5AF7E576700DD4E15F98F7C799,0,0,0,0,neodev,,,,,,,0,,1.0,0,1.0,
14311647,4848683,0,0,0,0,clixsense,,,,,,,0,,1.0,0,1.0,
14326464,4850743,0,0,0,0,clixsense,,,,,,,0,,1.0,0,1.0,
14430948,4867106,0,0,0,0,clixsense,,,,,,,0,,1.0,0,1.0,
14550901,DF6EB922AA996463BD9CE4BD64DFB8C1,0,0,0,0,neodev,,,,,,,0,,1.0,0,1.0,
14567128,4886030,0,0,0,0,clixsense,,,,,,,0,,1.0,0,1.0,
14574613,4887137,0,0,0,0,clixsense,,,,,,,0,,1.0,0,1.0,
14613401,2E01A23BCB35817D24750D543524A854,0,0,0,0,neodev,,,,,,,0,,1.0,0,1.0,
14696991,11A6EA026AEC3AE541A29D4352C72707,0,0,0,0,neodev,,,,,,,0,,1.0,0,1.0,
14869245,1DDDE3A6FD1CED0941A29D4352C72707,0,0,0,0,neodev,,,,,,,0,,1.0,0,1.0,
15046555,0009F844EC650D670FA9E28369487118,0,0,0,0,neodev,,,,,,,0,,1.0,0,1.0,
15095172,4954163,0,0,0,0,clixsense,,,,,,,0,,1.0,0,1.0,
15220551,3488360,0,0,0,0,clixsense,,,,,,,0,,1.0,0,1.0,
15602965,5029206,0,0,0,0,clixsense,,,,,,,0,,1.0,0,1.0,1.0
15796987,A693E726FEC747CA93CA06397A287A80,0,0,0,0,neodev,,,,,,,0,,1.0,0,1.0,
15851956,4680491,0,0,0,0,clixsense,,,,,,,0,,1.0,0,1.0,
15857774,4958673,0,0,0,0,clixsense,,,,,,,0,,1.0,0,1.0,
15893236,5069021,800,25,163,1,clixsense,TUR,11,Bilecik,88.224.98.47,,,0,,0.8466,33,1.0,1.0
15928328,5073589,0,0,0,0,clixsense,,,,,,,0,,1.0,0,1.0,
16125185,5104106,0,0,0,0,clixsense,,,,,,,0,,1.0,0,1.0,
16155357,1A5C11720E7413E30DD4E15F98F7C799,0,0,0,0,neodev,,,,,,,0,,1.0,0,1.0,
16253028,D1AA14D0C11C8E030FA9E28369487118,0,0,0,0,neodev,,,,,,,0,,1.0,0,1.0,
16282608,B5FD0206EF20320C044935D48A84480F,0,0,0,0,neodev,,,,,,,0,,1.0,0,1.0,
16323114,5CD0A7CCAFF04D3C2BFA95FAD8D0CB36,0,0,0,0,neodev,,,,,,,0,,1.0,0,1.0,
16488264,5161322,0,0,0,0,clixsense,,,,,,,0,,1.0,0,1.0,
16592247,36620,0,0,0,0,tremorgames,,,,,,,0,,1.0,0,1.0,
16592498,21285,0,0,0,0,tremorgames,,,,,,,0,,1.0,0,1.0,
16618193,24959,0,0,0,0,tremorgames,,,,,,,0,,1.0,0,1.0,
16620391,3471398,5,3,5,0,clixsense,TUR,34,Istanbul,85.101.110.113,,,0,,0.4,0,,1.0
16669322,5180493,0,0,0,0,clixsense,,,,,,,0,,1.0,0,1.0,
16670248,5185135,0,0,0,0,clixsense,,,,,,,0,,1.0,0,1.0,
16703773,2471751,0,0,0,0,clixsense,,,,,,,0,,1.0,0,1.0,
16712241,2208519,0,0,0,0,clixsense,,,,,,,0,,1.0,0,1.0,
16741266,5194903,0,0,0,0,clixsense,,,,,,,0,,1.0,0,1.0,
16957427,5223950,0,0,0,0,clixsense,,,,,,,0,,1.0,0,1.0,
16961371,5227829,0,0,0,0,clixsense,,,,,,,0,,1.0,0,1.0,1.0
16976818,41C9315385B77B0E0FA9E28369487118,0,0,0,0,neodev,,,,,,,0,,1.0,0,1.0,
17133004,5229761,0,0,0,0,clixsense,,,,,,,0,,1.0,0,1.0,
17234946,02BD9AC8075B4EFF6964A2442E880D82,25,3,9,0,neodev,TUR,35,Izmir,195.214.190.11,,,0,,0.6667,300,1.0,
17249082,F01148E5B997FCAA41A29D4352C72707,0,0,0,0,neodev,,,,,,,0,,1.0,0,1.0,
17344797,BC38D729DFCE989541A29D4352C72707,0,0,0,0,neodev,,,,,,,0,,1.0,0,1.0,
17546146,350BF030BD9E7384BD9CE4BD64DFB8C1,0,0,0,0,neodev,,,,,,,0,,1.0,0,1.0,
17628285,5333746,5,4,5,0,clixsense,DEU,16,Berlin,86.56.4.162,,,0,,0.2,0,1.0,
17766934,1BA6C32D152D6F316964A2442E880D82,0,0,0,0,neodev,,,,,,,0,,1.0,0,1.0,
17797691,5366726,0,0,0,0,clixsense,,,,,,,0,,1.0,0,1.0,1.0
17827497,5371753,0,0,0,0,clixsense,,,,,,,0,,1.0,0,1.0,
17916713,5385446,0,0,0,0,clixsense,,,,,,,0,,1.0,0,1.0,
17968637,5393260,0,0,0,0,clixsense,,,,,,,0,,1.0,0,1.0,
18405435,5455648,320,7,68,0,clixsense,TUR,34,Istanbul,88.253.212.127,,,0,,0.8971,27,1.0,1.0
18460251,2A7567C4F1AA1171DD6A67EA287D2489,0,0,0,0,neodev,,,,,,,0,,1.0,0,1.0,
18478040,2998915,0,0,0,0,clixsense,,,,,,,0,,1.0,0,1.0,
18490425,2998944,0,0,0,0,clixsense,,,,,,,0,,1.0,0,1.0,
18494996,3B5F800C6CA8EB7941A29D4352C72707,0,0,0,0,neodev,,,,,,,0,,1.0,0,1.0,
18556038,5478085,0,0,0,0,clixsense,,,,,,,0,,1.0,0,1.0,
18620896,5487497,0,0,0,0,clixsense,,,,,,,0,,1.0,0,1.0,
18711635,3853866,0,0,0,0,clixsense,,,,,,,0,,1.0,0,,1.0
18825375,131436720EB0EA1A044935D48A84480F,0,0,0,0,neodev,,,,,,,0,,1.0,0,1.0,
18863994,5514732,0,0,0,0,clixsense,,,,,,,0,,1.0,0,1.0,
18877150,5522238,0,0,0,0,clixsense,,,,,,,0,,1.0,0,1.0,
18983114,8AB9E33577DDEE08DD6A67EA287D2489,0,0,0,0,neodev,,,,,,,0,,1.0,0,1.0,1.0
19204784,5572748,0,0,0,0,clixsense,,,,,,,0,,1.0,0,1.0,
19262323,5576060,0,0,0,0,clixsense,,,,,,,0,,1.0,0,1.0,
19385277,5603633,0,0,0,0,clixsense,,,,,,,0,,1.0,0,1.0,
19420291,5610145,0,0,0,0,clixsense,,,,,,,0,,1.0,0,1.0,
19450983,5617026,0,0,0,0,clixsense,,,,,,,0,,1.0,0,1.0,
19484033,5622587,0,0,0,0,clixsense,,,,,,,0,,1.0,0,1.0,
19507116,068CB93473C70ABBBD9CE4BD64DFB8C1,5,3,5,0,neodev,TUR,71,Konya,78.161.98.116,,,0,,0.4,0,,1.0
19520624,8305033,0,0,0,0,prodege,,,,,,,0,,1.0,0,1.0,
19717737,008D6DB9C71D3987DD6A67EA287D2489,0,0,0,0,neodev,,,,,,,0,,1.0,0,1.0,
19746351,E30696D04A14BD6D0FA9E28369487118,0,0,0,0,neodev,,,,,,,0,,1.0,0,1.0,
19755053,5671342,0,0,0,0,clixsense,,,,,,,0,,1.0,0,1.0,
19994370,5712559,0,0,0,0,clixsense,,,,,,,0,,1.0,0,1.0,
20003046,5713730,0,0,0,0,clixsense,,,,,,,0,,1.0,0,1.0,
20039972,133D1FC17F31FAA4BD9CE4BD64DFB8C1,0,0,0,0,neodev,,,,,,,0,,1.0,0,1.0,
20043586,SMichelle22,0,0,0,0,instagc,,,,,,,0,,1.0,0,1.0,
20076528,AE974E0D3AB4C98A6964A2442E880D82,0,0,0,0,neodev,,,,,,,0,,1.0,0,1.0,
20116270,131766,50,1,13,1,tremorgames,TUR,34,Istanbul,94.121.42.91,,,0,,0.9231,20,1.0,1.0
20125513,5734030,5,5,5,0,clixsense,ESP,07,Palma De Mallorca,62.43.10.188,,,0,,0.0,0,1.0,
20161225,5739652,0,0,0,0,clixsense,,,,,,,0,,1.0,0,1.0,
20165262,5740840,0,0,0,0,clixsense,,,,,,,0,,1.0,0,1.0,1.0
20177253,BFD98EA603E81A3A93CA06397A287A80,0,0,0,0,neodev,,,,,,,0,,1.0,0,1.0,
20211448,5748398,65,3,17,0,clixsense,TUR,34,Istanbul,92.45.241.175,,,0,,0.8235,300,1.0,1.0
20215940,136731,0,0,0,0,tremorgames,,,,,,,0,,1.0,0,1.0,
20248887,5751168,0,0,0,0,clixsense,,,,,,,0,,1.0,0,1.0,
20398835,bmermoljia,0,0,0,0,instagc,,,,,,,0,,1.0,0,1.0,
20422110,607F45FE2F39E1E6DD6A67EA287D2489,0,0,0,0,neodev,,,,,,,0,,1.0,0,1.0,
20450780,8E067D14580B079A044935D48A84480F,0,0,0,0,neodev,,,,,,,0,,1.0,0,1.0,
20464581,8684896,0,0,0,0,prodege,,,,,,,0,,1.0,0,1.0,
20492264,B44FC10D0EE186B5044935D48A84480F,0,0,0,0,neodev,,,,,,,0,,1.0,0,1.0,
20525885,5796275,0,0,0,0,clixsense,,,,,,,0,,1.0,0,1.0,
20563532,5802803,0,0,0,0,clixsense,,,,,,,0,,1.0,0,1.0,
20614504,5810865,0,0,0,0,clixsense,,,,,,,0,,1.0,0,1.0,
20682290,5822111,0,0,0,0,clixsense,,,,,,,0,,1.0,0,1.0,
20721677,5828622,0,0,0,0,clixsense,,,,,,,0,,1.0,0,1.0,
21110164,56440,0,0,0,0,gifthunterclub,,,,,,,0,,1.0,0,1.0,
21110920,197357,0,0,0,0,tremorgames,,,,,,,0,,1.0,0,1.0,
21172444,5895103,0,0,0,0,clixsense,,,,,,,0,,1.0,0,1.0,
21202328,BF2307C51451D509BD9CE4BD64DFB8C1,0,0,0,0,neodev,,,,,,,0,,1.0,0,,1.0
21353389,0F42B4ABA3C788086964A2442E880D82,0,0,0,0,neodev,,,,,,,0,,1.0,0,1.0,
21353393,69EB54449504790F24750D543524A854,0,0,0,0,neodev,,,,,,,0,,1.0,0,1.0,
21406883,5934195,0,0,0,0,clixsense,,,,,,,0,,1.0,0,1.0,
21408115,5934406,0,0,0,0,clixsense,,,,,,,0,,1.0,0,1.0,
21436100,221606,0,0,0,0,tremorgames,,,,,,,0,,1.0,0,1.0,
21534305,5957035,0,0,0,0,clixsense,,,,,,,0,,1.0,0,1.0,
21593425,8CC52D1EF82055AFBD9CE4BD64DFB8C1,0,0,0,0,neodev,,,,,,,0,,1.0,0,1.0,
21619284,5967917,0,0,0,0,clixsense,,,,,,,0,,1.0,0,1.0,
21638800,916AE23C0AC1F5BF41A29D4352C72707,0,0,0,0,neodev,,,,,,,0,,1.0,0,1.0,
21665015,5979757,0,0,0,0,clixsense,,,,,,,0,,1.0,0,1.0,
21665495,5980126,0,0,0,0,clixsense,,,,,,,0,,1.0,0,1.0,
21756253,PatriFdez88,0,0,0,0,instagc,,,,,,,0,,1.0,0,1.0,
21776599,5999647,0,0,0,0,clixsense,,,,,,,0,,1.0,0,1.0,
21781632,123973,0,0,0,0,tremorgames,,,,,,,0,,1.0,0,1.0,1.0
21799671,5999328,0,0,0,0,clixsense,,,,,,,0,,1.0,0,1.0,
21838998,46D06A2B6063044B41A29D4352C72707,0,0,0,0,neodev,,,,,,,0,,1.0,0,1.0,
21846976,7112ECE76D356000044935D48A84480F,0,0,0,0,neodev,,,,,,,0,,1.0,0,,1.0
21903206,5833975,0,0,0,0,clixsense,,,,,,,0,,1.0,0,1.0,
21905906,kateyes1966,0,0,0,0,instagc,,,,,,,0,,1.0,0,1.0,
21916201,1E317EFA186475532BFA95FAD8D0CB36,0,0,0,0,neodev,,,,,,,0,,1.0,0,1.0,
21953375,254352,0,0,0,0,tremorgames,,,,,,,0,,1.0,0,1.0,
22021201,Effie,0,0,0,0,instagc,,,,,,,0,,1.0,0,1.0,
22125873,6060641,0,0,0,0,clixsense,,,,,,,0,,1.0,0,1.0,
22128678,6060595,0,0,0,0,clixsense,,,,,,,0,,1.0,0,1.0,
22167513,453256D952ECA5EB044935D48A84480F,20,3,7,1,neodev,TUR,45,Manisa,78.160.221.52,,,0,,0.5714,10,1.0,1.0
22179197,4E80D192972455EC0DD4E15F98F7C799,0,0,0,0,neodev,,,,,,,0,,1.0,0,1.0,
22326366,298292,0,0,0,0,tremorgames,,,,,,,0,,1.0,0,1.0,
22346229,94F87F6E623E86D0BD9CE4BD64DFB8C1,0,0,0,0,neodev,,,,,,,0,,1.0,0,1.0,
22399696,6084339,0,0,0,0,clixsense,,,,,,,0,,1.0,0,1.0,1.0
22428012,6115784,5,5,5,0,clixsense,TUR,34,Istanbul,78.185.23.20,,,0,,0.0,0,,1.0
22444299,6117942,0,0,0,0,clixsense,,,,,,,0,,1.0,0,1.0,
22457562,9EDCBFD52631BCCF24750D543524A854,0,0,0,0,neodev,,,,,,,0,,1.0,0,1.0,
22473331,327B96E3E43CC3BE044935D48A84480F,0,0,0,0,neodev,,,,,,,0,,1.0,0,1.0,
22555922,6138234,0,0,0,0,clixsense,,,,,,,0,,1.0,0,1.0,1.0
22680732,6142007,0,0,0,0,clixsense,,,,,,,0,,1.0,0,1.0,
22778480,6145783,0,0,0,0,clixsense,,,,,,,0,,1.0,0,1.0,
23025664,252969C30176D80B93CA06397A287A80,0,0,0,0,neodev,,,,,,,0,,1.0,0,1.0,
23144069,6162746,0,0,0,0,clixsense,,,,,,,0,,1.0,0,1.0,
23145714,6157876,0,0,0,0,clixsense,,,,,,,0,,1.0,0,,1.0
23189833,1967,0,0,0,0,superrewards,,,,,,,0,,1.0,0,1.0,
23228736,6166827,0,0,0,0,clixsense,,,,,,,0,,1.0,0,1.0,
23386911,6173966,0,0,0,0,clixsense,,,,,,,0,,1.0,0,1.0,
23476677,6178766,0,0,0,0,clixsense,,,,,,,0,,1.0,0,1.0,
23597630,2557C7110A2965E6044935D48A84480F,0,0,0,0,neodev,,,,,,,0,,1.0,0,1.0,
23677802,7582DED9BF82BADF41A29D4352C72707,0,0,0,0,neodev,,,,,,,0,,1.0,0,1.0,
23798150,80A1FA50A9D60AFEBD9CE4BD64DFB8C1,0,0,0,0,neodev,,,,,,,0,,1.0,0,1.0,
23804661,mirka2000,0,0,0,0,zoombucks,,,,,,,0,,1.0,0,1.0,
24013635,6208203,5,4,5,0,clixsense,TUR,07,Antalya,94.123.50.6,,,0,,0.2,0,,1.0
24043308,81654,0,0,0,0,gifthunterclub,,,,,,,0,,1.0,0,1.0,
24051709,6210693,0,0,0,0,clixsense,,,,,,,0,,1.0,0,1.0,
24349028,6231036,0,0,0,0,clixsense,,,,,,,0,,1.0,0,1.0,
24373944,6022246,0,0,0,0,clixsense,,,,,,,0,,1.0,0,1.0,
24460114,tee2dee,0,0,0,0,instagc,,,,,,,0,,1.0,0,1.0,
24486765,6232905,0,0,0,0,clixsense,,,,,,,0,,1.0,0,1.0,1.0
24513127,422562,0,0,0,0,tremorgames,,,,,,,0,,1.0,0,,1.0
24581554,6246261,0,0,0,0,clixsense,,,,,,,0,,1.0,0,1.0,
24585180,427336,0,0,0,0,tremorgames,,,,,,,0,,1.0,0,1.0,
24813188,6259240,0,0,0,0,clixsense,,,,,,,0,,1.0,0,1.0,
24858375,276393,0,0,0,0,superrewards,,,,,,,0,,1.0,0,1.0,
24918854,6269765,0,0,0,0,clixsense,,,,,,,0,,1.0,0,,1.0
25060714,6280888,0,0,0,0,clixsense,,,,,,,0,,1.0,0,1.0,
25061620,6280798,0,0,0,0,clixsense,,,,,,,0,,1.0,0,1.0,
25143839,2817433,0,0,0,0,clixsense,,,,,,,0,,1.0,0,1.0,
25197223,458255,5,5,5,0,tremorgames,HRV,21,Zagreb,94.253.157.249,,,0,,0.0,300,1.0,
25256514,6294263,0,0,0,0,clixsense,,,,,,,0,,1.0,0,,1.0
25411600,617,0,0,0,0,elite,,,,,,,0,,1.0,0,1.0,
25511464,C99BACB337B49F3124750D543524A854,0,0,0,0,neodev,,,,,,,0,,1.0,0,1.0,1.0
25550733,6313856,0,0,0,0,clixsense,,,,,,,0,,1.0,0,1.0,
25600215,F4B683FD47D4C223BD9CE4BD64DFB8C1,0,0,0,0,neodev,,,,,,,0,,1.0,0,1.0,1.0
25754344,9080041A6BBEDDD524750D543524A854,0,0,0,0,neodev,,,,,,,0,,1.0,0,1.0,
25778028,1593,0,0,0,0,elite,,,,,,,0,,1.0,0,1.0,
25907194,6337572,0,0,0,0,clixsense,,,,,,,0,,1.0,0,1.0,
25973757,6336764,0,0,0,0,clixsense,,,,,,,0,,1.0,0,1.0,
26232429,6344579,0,0,0,0,clixsense,,,,,,,0,,1.0,0,1.0,
26266693,3492,0,0,0,0,elite,,,,,,,0,,1.0,0,1.0,
26312996,6364738,0,0,0,0,clixsense,,,,,,,0,,1.0,0,1.0,
26614827,5453CD1C16AF6D0B93CA06397A287A80,0,0,0,0,neodev,,,,,,,0,,1.0,0,1.0,
26903088,6399696,5,5,5,0,clixsense,TUR,34,Istanbul,94.123.234.223,,,0,,0.0,300,,1.0
26941773,6410811,0,0,0,0,clixsense,,,,,,,0,,1.0,0,1.0,
27011888,6B9E3BBA1168F82E41A29D4352C72707,0,0,0,0,neodev,,,,,,,0,,1.0,0,1.0,
27165514,BBD7A5E95C9058E824750D543524A854,0,0,0,0,neodev,,,,,,,0,,1.0,0,1.0,
27248043,6432966,0,0,0,0,clixsense,,,,,,,0,,1.0,0,1.0,
27393376,6442533,0,0,0,0,clixsense,,,,,,,0,,1.0,0,1.0,
27416379,CF53538F194CAD74DD6A67EA287D2489,0,0,0,0,neodev,,,,,,,0,,1.0,0,1.0,
27450254,6446229,0,0,0,0,clixsense,,,,,,,0,,1.0,0,1.0,
27479093,3230962D33C280CA2BFA95FAD8D0CB36,0,0,0,0,neodev,,,,,,,0,,1.0,0,1.0,1.0
27597779,0CD66CFF70DC76F824750D543524A854,0,0,0,0,neodev,,,,,,,0,,1.0,0,1.0,
27604243,6457609,0,0,0,0,clixsense,,,,,,,0,,1.0,0,1.0,
27694255,6462291,0,0,0,0,clixsense,,,,,,,0,,1.0,0,1.0,
27725140,6AB4EE345BD2DBE3044935D48A84480F,0,0,0,0,neodev,,,,,,,0,,1.0,0,1.0,
27792718,6476351,0,0,0,0,clixsense,,,,,,,0,,1.0,0,1.0,
27807666,F14A61AB4CD920D00FA9E28369487118,0,0,0,0,neodev,,,,,,,0,,1.0,0,1.0,
27815128,602853,0,0,0,0,tremorgames,,,,,,,0,,1.0,0,1.0,
27821527,6479645,0,0,0,0,clixsense,,,,,,,0,,1.0,0,1.0,
27829625,41BFEFA7423B731DBD9CE4BD64DFB8C1,0,0,0,0,neodev,,,,,,,0,,1.0,0,1.0,
27836119,37BACCEA78D8D3F60DD4E15F98F7C799,0,0,0,0,neodev,,,,,,,0,,1.0,0,1.0,
27836433,724103,0,0,0,0,inboxpounds,,,,,,,0,,1.0,0,1.0,
27857083,6476933,5,2,5,0,clixsense,TUR,72,Mardin,78.170.70.190,,,0,,0.6,0,,1.0
27891443,6490817,0,0,0,0,clixsense,,,,,,,0,,1.0,0,1.0,1.0
27903250,6476642,0,0,0,0,clixsense,,,,,,,0,,1.0,0,1.0,
27937875,6495092,0,0,0,0,clixsense,,,,,,,0,,1.0,0,1.0,
27961536,6500708,0,0,0,0,clixsense,,,,,,,0,,1.0,0,,1.0
28019713,6508796,0,0,0,0,clixsense,,,,,,,0,,1.0,0,1.0,
28079216,70512,0,0,0,0,gifthunterclub,,,,,,,0,,1.0,0,1.0,
28081782,238135335561525BDD6A67EA287D2489,0,0,0,0,neodev,,,,,,,0,,1.0,0,1.0,
28084376,A65AE9F5413CE96C6964A2442E880D82,0,0,0,0,neodev,,,,,,,0,,1.0,0,1.0,
28155953,438AEB46FC50EA470DD4E15F98F7C799,0,0,0,0,neodev,,,,,,,0,,1.0,0,1.0,
28156134,647379,0,0,0,0,tremorgames,,,,,,,0,,1.0,0,,1.0
28165491,2FEC6AB81C215F15044935D48A84480F,0,0,0,0,neodev,,,,,,,0,,1.0,0,1.0,1.0
28171782,6523694,145,10,33,0,clixsense,TUR,34,Istanbul,78.185.36.0,,,0,,0.697,58,,1.0
28178766,650992,0,0,0,0,tremorgames,,,,,,,0,,1.0,0,1.0,
28178871,6529982,0,0,0,0,clixsense,,,,,,,0,,1.0,0,1.0,
28220680,6535856,0,0,0,0,clixsense,,,,,,,0,,1.0,0,1.0,
28245184,7DBF1ADA37662FB793CA06397A287A80,0,0,0,0,neodev,,,,,,,0,,1.0,0,1.0,
28248623,6539401,0,0,0,0,clixsense,,,,,,,0,,1.0,0,1.0,
28282475,13444,0,0,0,0,elite,,,,,,,0,,1.0,0,1.0,
28285790,92821FB749EBA6056964A2442E880D82,0,0,0,0,neodev,,,,,,,0,,1.0,0,1.0,
28314294,6548044,0,0,0,0,clixsense,,,,,,,0,,1.0,0,1.0,
28391496,6559111,0,0,0,0,clixsense,,,,,,,0,,1.0,0,1.0,1.0
28408155,14674,0,0,0,0,elite,,,,,,,0,,1.0,0,1.0,1.0
28457001,6565725,5,5,5,0,clixsense,CAN,ON,North Bay,24.204.202.220,,,0,,0.0,300,1.0,
28465256,6566724,0,0,0,0,clixsense,,,,,,,0,,1.0,0,1.0,
28473093,6562891,0,0,0,0,clixsense,,,,,,,0,,1.0,0,1.0,
28510741,106DCB73110ACC5FBD9CE4BD64DFB8C1,0,0,0,0,neodev,,,,,,,0,,1.0,0,1.0,1.0
28570278,6581035,0,0,0,0,clixsense,,,,,,,0,,1.0,0,1.0,
28584099,E1A9CF3720AF586F0FA9E28369487118,0,0,0,0,neodev,,,,,,,0,,1.0,0,1.0,
28622648,SP16262,0,0,0,0,stuffpoint,,,,,,,0,,1.0,0,1.0,
28627457,C8D14E4C4508369924750D543524A854,0,0,0,0,neodev,,,,,,,0,,1.0,0,1.0,
28697150,6598182,0,0,0,0,clixsense,,,,,,,0,,1.0,0,1.0,
28716431,6600718,0,0,0,0,clixsense,,,,,,,0,,1.0,0,1.0,1.0
28736988,6605058,0,0,0,0,clixsense,,,,,,,0,,1.0,0,1.0,
28739399,131149,0,0,0,0,gifthunterclub,,,,,,,0,,1.0,0,1.0,
28754764,4330971,0,0,0,0,clixsense,,,,,,,0,,1.0,0,1.0,1.0
28769627,17475,0,0,0,0,elite,,,,,,,0,,1.0,0,1.0,
28771728,17489,0,0,0,0,elite,,,,,,,0,,1.0,0,1.0,
28786074,731662,0,0,0,0,tremorgames,,,,,,,0,,1.0,0,1.0,
28794631,6613424,0,0,0,0,clixsense,,,,,,,0,,1.0,0,1.0,
28853816,5781410,0,0,0,0,prizerebel,,,,,,,0,,1.0,0,1.0,
28858690,6622648,0,0,0,0,clixsense,,,,,,,0,,1.0,0,,1.0
28882210,6625807,0,0,0,0,clixsense,,,,,,,0,,1.0,0,,1.0
28884174,18467,0,0,0,0,elite,,,,,,,0,,1.0,0,1.0,
28959546,19174,5,2,5,0,elite,TUR,34,Istanbul,78.176.130.214,,,0,,0.6,0,1.0,1.0
28983254,6639688,0,0,0,0,clixsense,,,,,,,0,,1.0,0,,1.0
29091616,6606123,0,0,0,0,clixsense,,,,,,,0,,1.0,0,1.0,
29102581,6656284,0,0,0,0,clixsense,,,,,,,0,,1.0,0,1.0,1.0
29123162,E5370162CEB06CD4DD6A67EA287D2489,0,0,0,0,neodev,,,,,,,0,,1.0,0,1.0,
29160713,DCCF5C1CDC68E25DBD9CE4BD64DFB8C1,0,0,0,0,neodev,,,,,,,0,,1.0,0,1.0,
29197033,6670083,0,0,0,0,clixsense,,,,,,,0,,1.0,0,1.0,
29262023,0E608C0FAB437995BD9CE4BD64DFB8C1,0,0,0,0,neodev,,,,,,,0,,1.0,0,1.0,
29266708,6680408,0,0,0,0,clixsense,,,,,,,0,,1.0,0,1.0,
29285263,E05BAC05899BFA5124750D543524A854,0,0,0,0,neodev,,,,,,,0,,1.0,0,1.0,
29331451,6690544,5,4,5,0,clixsense,CAN,ON,Orillia,99.242.103.148,,,0,,0.2,0,1.0,
29372337,6696843,0,0,0,0,clixsense,,,,,,,0,,1.0,0,1.0,
29388648,C02230F17EAE4CF741A29D4352C72707,0,0,0,0,neodev,,,,,,,0,,1.0,0,1.0,
29397502,6700548,0,0,0,0,clixsense,,,,,,,0,,1.0,0,1.0,
29443527,6707938,5,5,5,0,clixsense,ITA,03,Catanzaro,79.33.116.28,,,0,,0.0,0,,
29445804,4F799AABDDDB4848044935D48A84480F,0,0,0,0,neodev,,,,,,,0,,1.0,0,1.0,
29484592,6651235,0,0,0,0,clixsense,,,,,,,0,,1.0,0,1.0,
29647152,28298,0,0,0,0,elite,,,,,,,0,,1.0,0,1.0,
29683870,D4DD7AEED4A208422BFA95FAD8D0CB36,0,0,0,0,neodev,,,,,,,0,,1.0,0,1.0,
29704416,856994,0,0,0,0,tremorgames,,,,,,,0,,1.0,0,1.0,
29755525,86DD3C8CCDA6E0222BFA95FAD8D0CB36,0,0,0,0,neodev,,,,,,,0,,1.0,0,1.0,
29757581,EF6C6BB1668D9BED0DD4E15F98F7C799,0,0,0,0,neodev,,,,,,,0,,1.0,0,1.0,
29764965,29622,0,0,0,0,elite,,,,,,,0,,1.0,0,1.0,
29783281,866913,0,0,0,0,tremorgames,,,,,,,0,,1.0,0,1.0,1.0
29806418,26930132F1049F2441A29D4352C72707,0,0,0,0,neodev,,,,,,,0,,1.0,0,1.0,
29809113,806DD96DF2F9594C41A29D4352C72707,0,0,0,0,neodev,,,,,,,0,,1.0,0,1.0,
29818363,D0E2612F640F249C0FA9E28369487118,0,0,0,0,neodev,,,,,,,0,,1.0,0,1.0,
29827812,2ECE857476EF880141A29D4352C72707,0,0,0,0,neodev,,,,,,,0,,1.0,0,1.0,
29841820,CD3B1DC4CB7BF32424750D543524A854,0,0,0,0,neodev,,,,,,,0,,1.0,0,1.0,
29843648,65292F37A69E3C5CAADFB62A30C6BB71,0,0,0,0,neodev,,,,,,,0,,1.0,0,1.0,
29846041,30527,0,0,0,0,elite,,,,,,,0,,1.0,0,1.0,
29851368,4B695F68A366F6330DD4E15F98F7C799,0,0,0,0,neodev,,,,,,,0,,1.0,0,1.0,
29879245,5C424B68B3673F706964A2442E880D82,0,0,0,0,neodev,,,,,,,0,,1.0,0,1.0,
29896328,B54BBAB35CA798510FA9E28369487118,0,0,0,0,neodev,,,,,,,0,,1.0,0,1.0,
29909879,31207,0,0,0,0,elite,,,,,,,0,,1.0,0,1.0,
29930636,6796914,0,0,0,0,clixsense,,,,,,,0,,1.0,0,1.0,
29959115,5033482DF7DCFA47BD9CE4BD64DFB8C1,25,3,9,0,neodev,TUR,48,Mugla,88.244.105.7,,,0,,0.6667,300,,1.0
29973762,33B0BF289DC99BB82BFA95FAD8D0CB36,0,0,0,0,neodev,,,,,,,0,,1.0,0,1.0,
29974182,6806348,0,0,0,0,clixsense,,,,,,,0,,1.0,0,1.0,
29975552,3431809,10,2,6,0,clixsense,TUR,58,Sivas,88.231.214.208,,,0,,0.6667,300,1.0,1.0
30030223,32989,0,0,0,0,elite,,,,,,,0,,1.0,0,1.0,
30068922,D5B2D5E37AD5F41F6964A2442E880D82,0,0,0,0,neodev,,,,,,,0,,1.0,0,1.0,
30081279,C8667AF39C535BAB41A29D4352C72707,0,0,0,0,neodev,,,,,,,0,,1.0,0,1.0,
30087720,6B147AC63929E34B24750D543524A854,0,0,0,0,neodev,,,,,,,0,,1.0,0,1.0,
30129659,910288,0,0,0,0,tremorgames,,,,,,,0,,1.0,0,1.0,
30140011,6842939,0,0,0,0,clixsense,,,,,,,0,,1.0,0,1.0,
30169937,A94AB4A22C2FBAA50FA9E28369487118,0,0,0,0,neodev,,,,,,,0,,1.0,0,1.0,
30193232,6854322,0,0,0,0,clixsense,,,,,,,0,,1.0,0,1.0,
30197627,6855353,0,0,0,0,clixsense,,,,,,,0,,1.0,0,1.0,
30238156,6863343,0,0,0,0,clixsense,,,,,,,0,,1.0,0,1.0,1.0
30246271,6863220,0,0,0,0,clixsense,,,,,,,0,,1.0,0,1.0,
30248842,4969712,5,3,5,0,clixsense,TUR,34,Istanbul,176.232.61.98,,,0,,0.4,0,1.0,1.0
30260078,EDBF337370C3E27241A29D4352C72707,0,0,0,0,neodev,,,,,,,0,,1.0,0,1.0,
30260697,6868721,0,0,0,0,clixsense,,,,,,,0,,1.0,0,1.0,
30277065,6871707,10,0,6,0,clixsense,TUR,35,Izmir,212.252.163.88,,,0,,1.0,300,,1.0
30282831,3350915,0,0,0,0,clixsense,,,,,,,0,,1.0,0,1.0,
30305872,06315252CBD89EBB044935D48A84480F,0,0,0,0,neodev,,,,,,,0,,1.0,0,1.0,
30307348,6880102,5,2,5,0,clixsense,TUR,34,Istanbul,94.123.201.208,,,0,,0.6,300,,1.0
30312896,1CBF46324B16A9F141A29D4352C72707,0,0,0,0,neodev,,,,,,,0,,1.0,0,1.0,1.0
30314203,70A2D142064787D72BFA95FAD8D0CB36,0,0,0,0,neodev,,,,,,,0,,1.0,0,1.0,
30330246,5E541B9DA468924841A29D4352C72707,0,0,0,0,neodev,,,,,,,0,,1.0,0,1.0,
30334521,352EC05A67552E3B24750D543524A854,0,0,0,0,neodev,,,,,,,0,,1.0,0,1.0,
30358406,6891151,0,0,0,0,clixsense,,,,,,,0,,1.0,0,,1.0
30361518,6841449,0,0,0,0,clixsense,,,,,,,0,,1.0,0,,1.0
30376446,6898218,0,0,0,0,clixsense,,,,,,,0,,1.0,0,1.0,
30381282,6899367,0,0,0,0,clixsense,,,,,,,0,,1.0,0,1.0,
30385520,6900128,0,0,0,0,clixsense,,,,,,,0,,1.0,0,1.0,
30390656,A010FB8F902A1EE10FA9E28369487118,0,0,0,0,neodev,,,,,,,0,,1.0,0,1.0,
30406175,38304,0,0,0,0,elite,,,,,,,0,,1.0,0,1.0,
30422709,3C23A1D657559A5793CA06397A287A80,0,0,0,0,neodev,,,,,,,0,,1.0,0,1.0,
30437130,3C9104FA68AD5EC0BD9CE4BD64DFB8C1,0,0,0,0,neodev,,,,,,,0,,1.0,0,1.0,
30441537,56D503AF70201A4993CA06397A287A80,0,0,0,0,neodev,,,,,,,0,,1.0,0,1.0,1.0
30477057,6895613,0,0,0,0,clixsense,,,,,,,0,,1.0,0,1.0,1.0
30483963,6358257,0,0,0,0,clixsense,,,,,,,0,,1.0,0,1.0,
30487799,39497,0,0,0,0,elite,,,,,,,0,,1.0,0,1.0,
30500392,39725,0,0,0,0,elite,,,,,,,0,,1.0,0,1.0,
30518775,81397C6D2AA037780FA9E28369487118,0,0,0,0,neodev,,,,,,,0,,1.0,0,1.0,
30522287,39976,0,0,0,0,elite,,,,,,,0,,1.0,0,1.0,
30537794,6933818,0,0,0,0,clixsense,,,,,,,0,,1.0,0,1.0,
30541856,6940338,0,0,0,0,clixsense,,,,,,,0,,1.0,0,1.0,
30542998,40183,0,0,0,0,elite,,,,,,,0,,1.0,0,1.0,
30556300,6DC9ED949FD6CBE40DD4E15F98F7C799,0,0,0,0,neodev,,,,,,,0,,1.0,0,1.0,
30571937,E52E785F114E057F0FA9E28369487118,0,0,0,0,neodev,,,,,,,0,,1.0,0,1.0,
30610687,6958823,5,5,5,0,clixsense,TUR,"","",81.213.44.138,,,0,,0.0,0,,1.0
30636018,41729,0,0,0,0,elite,,,,,,,0,,1.0,0,1.0,
30641245,A4936C9750A66C6441A29D4352C72707,0,0,0,0,neodev,,,,,,,0,,1.0,0,1.0,
30683970,E9C53B8649565F9A41A29D4352C72707,0,0,0,0,neodev,,,,,,,0,,1.0,0,1.0,
30685163,717E3604E7844361BD9CE4BD64DFB8C1,0,0,0,0,neodev,,,,,,,0,,1.0,0,1.0,
30685883,7BA6403FCC0DCB5E6964A2442E880D82,0,0,0,0,neodev,,,,,,,0,,1.0,0,1.0,
30687043,A83155C36CC7C50A044935D48A84480F,0,0,0,0,neodev,,,,,,,0,,1.0,0,1.0,
30688710,42409,0,0,0,0,elite,,,,,,,0,,1.0,0,1.0,
30690219,3451196,0,0,0,0,clixsense,,,,,,,0,,1.0,0,1.0,
30702362,6A9F4E6168C0831741A29D4352C72707,0,0,0,0,neodev,,,,,,,0,,1.0,0,1.0,
30704499,6984359,0,0,0,0,clixsense,,,,,,,0,,1.0,0,1.0,1.0
30725582,547D374837D0083924750D543524A854,0,0,0,0,neodev,,,,,,,0,,1.0,0,1.0,
30726175,42827,0,0,0,0,elite,,,,,,,0,,1.0,0,1.0,
30746277,6995292,0,0,0,0,clixsense,,,,,,,0,,1.0,0,1.0,
30747257,DBA7CD45D34609CADD6A67EA287D2489,0,0,0,0,neodev,,,,,,,0,,1.0,0,1.0,1.0
30749461,43077,0,0,0,0,elite,,,,,,,0,,1.0,0,1.0,
30753897,43113,0,0,0,0,elite,,,,,,,0,,1.0,0,1.0,
30766583,E53A1E8AD67D80412BFA95FAD8D0CB36,5,4,5,0,neodev,BGD,84,Chittagong,103.195.140.5,,,0,,0.2,300,1.0,
30791332,43684,0,0,0,0,elite,,,,,,,0,,1.0,0,1.0,
30800342,D800A40928C45AB42BFA95FAD8D0CB36,0,0,0,0,neodev,,,,,,,0,,1.0,0,1.0,
30840438,ECDF15639DB6F23D2BFA95FAD8D0CB36,0,0,0,0,neodev,,,,,,,0,,1.0,0,1.0,
30848678,3344604,0,0,0,0,clixsense,,,,,,,0,,1.0,0,1.0,
30849355,5DFDBADB3439861593CA06397A287A80,0,0,0,0,neodev,,,,,,,0,,1.0,0,1.0,
30852296,7022108,0,0,0,0,clixsense,,,,,,,0,,1.0,0,1.0,
30884333,7030785,0,0,0,0,clixsense,,,,,,,0,,1.0,0,1.0,
30905437,7035662,0,0,0,0,clixsense,,,,,,,0,,1.0,0,1.0,
30909516,7036758,0,0,0,0,clixsense,,,,,,,0,,1.0,0,1.0,1.0
30914281,6904743,190,7,42,0,clixsense,TUR,35,Izmir,78.179.58.211,,,0,,0.8333,14,1.0,1.0
30921821,7039373,0,0,0,0,clixsense,,,,,,,0,,1.0,0,1.0,
30931306,7042488,0,0,0,0,clixsense,,,,,,,0,,1.0,0,1.0,
30944230,7046338,0,0,0,0,clixsense,,,,,,,0,,1.0,0,1.0,
30946384,5BC51B18AAB01CA90DD4E15F98F7C799,0,0,0,0,neodev,,,,,,,0,,1.0,0,1.0,
30948298,45993,0,0,0,0,elite,,,,,,,0,,1.0,0,1.0,
30982542,A7143FBC0F239EAA6964A2442E880D82,0,0,0,0,neodev,,,,,,,0,,1.0,0,1.0,1.0
30989093,198144,0,0,0,0,gifthunterclub,,,,,,,0,,1.0,0,1.0,
30999225,1CB3870F7C66E15B2BFA95FAD8D0CB36,0,0,0,0,neodev,,,,,,,0,,1.0,0,1.0,
31001292,7061334,0,0,0,0,clixsense,,,,,,,0,,1.0,0,1.0,
31004785,E95C01765A5CF3E96964A2442E880D82,145,4,33,0,neodev,TUR,65,Van,85.104.119.128,,,0,,0.8788,39,1.0,1.0
31008699,47365,0,0,0,0,elite,,,,,,,0,,1.0,0,1.0,
31018974,7065758,0,0,0,0,clixsense,,,,,,,0,,1.0,0,1.0,
31037057,7070976,0,0,0,0,clixsense,,,,,,,0,,1.0,0,1.0,
31038682,ACED7E3C6B28862F0DD4E15F98F7C799,0,0,0,0,neodev,,,,,,,0,,1.0,0,1.0,
31041748,414057DB7CA6641A0DD4E15F98F7C799,5,3,5,0,neodev,TUR,26,Eskisehir,78.163.47.95,,,0,,0.4,300,,1.0
31044914,47916,0,0,0,0,elite,,,,,,,0,,1.0,0,1.0,
31045932,47924,0,0,0,0,elite,,,,,,,0,,1.0,0,1.0,1.0
31064176,7078492,5,3,5,0,clixsense,TUR,34,Istanbul,176.232.160.57,,,0,,0.4,300,,1.0
31073683,7081225,0,0,0,0,clixsense,,,,,,,0,,1.0,0,1.0,
31096441,7087230,0,0,0,0,clixsense,,,,,,,0,,1.0,0,,1.0
31120675,4222148,0,0,0,0,clixsense,,,,,,,0,,1.0,0,1.0,
31131529,48910,0,0,0,0,elite,,,,,,,0,,1.0,0,1.0,
31151596,2D624BAE48BB6DF96964A2442E880D82,0,0,0,0,neodev,,,,,,,0,,1.0,0,1.0,
31177517,7079507,0,0,0,0,clixsense,,,,,,,0,,1.0,0,1.0,
31187255,C6AE879CB99C995741A29D4352C72707,0,0,0,0,neodev,,,,,,,0,,1.0,0,1.0,
31191792,49618,0,0,0,0,elite,,,,,,,0,,1.0,0,1.0,1.0
31192634,1086982,0,0,0,0,tremorgames,,,,,,,0,,1.0,0,1.0,
31236437,7124418,5,4,5,0,clixsense,PRT,14,Lisbon,79.169.23.227,,,0,,0.2,300,1.0,
31256687,457250,0,0,0,0,bitcoinget,,,,,,,0,,1.0,0,1.0,
31283513,7134033,0,0,0,0,clixsense,,,,,,,0,,1.0,0,1.0,
31294776,8BBACD8B4E8835A22BFA95FAD8D0CB36,0,0,0,0,neodev,,,,,,,0,,1.0,0,1.0,
31303857,7140666,10,2,6,0,clixsense,TUR,68,Ankara,31.44.202.121,,,0,,0.6667,300,,1.0
31308974,7142136,5,2,5,0,clixsense,TUR,"","",81.213.42.74,,,0,,0.6,0,,1.0
31313060,7142611,0,0,0,0,clixsense,,,,,,,0,,1.0,0,1.0,
31322833,6623476,5,2,5,0,clixsense,TUR,17,Ã‡anakkale,88.249.164.41,,,0,,0.6,300,,1.0
31334071,7148194,5,3,5,0,clixsense,ROU,23,Iasi,89.137.143.31,,,0,,0.4,0,1.0,
31340222,7146527,0,0,0,0,clixsense,,,,,,,0,,1.0,0,1.0,
31344883,6C8066477991750A0DD4E15F98F7C799,0,0,0,0,neodev,,,,,,,0,,1.0,0,,1.0
31345670,7149246,5,2,5,0,clixsense,TUR,55,Samsun,88.232.9.39,,,0,,0.6,300,,1.0
31348155,DCB81AA616A33FE693CA06397A287A80,0,0,0,0,neodev,,,,,,,0,,1.0,0,1.0,
31354155,97FF1D4D2F06A01E044935D48A84480F,0,0,0,0,neodev,,,,,,,0,,1.0,0,1.0,
31355178,770E42E5C152EB6E0DD4E15F98F7C799,0,0,0,0,neodev,,,,,,,0,,1.0,0,1.0,
31361189,7154942,0,0,0,0,clixsense,,,,,,,0,,1.0,0,1.0,
31363524,7155778,0,0,0,0,clixsense,,,,,,,0,,1.0,0,1.0,1.0
31368379,8F53C93802AF468224750D543524A854,0,0,0,0,neodev,,,,,,,0,,1.0,0,1.0,
31369831,7138147,5,5,5,0,clixsense,TUR,32,Mersin,212.252.116.226,,,0,,0.0,0,,1.0
31372011,7157239,0,0,0,0,clixsense,,,,,,,0,,1.0,0,1.0,
31382982,7157694,0,0,0,0,clixsense,,,,,,,0,,1.0,0,1.0,
31384305,52200,0,0,0,0,elite,,,,,,,0,,1.0,0,1.0,1.0
31389507,7162238,0,0,0,0,clixsense,,,,,,,0,,1.0,0,1.0,
31403204,2F5170E57DA2133BBD9CE4BD64DFB8C1,0,0,0,0,neodev,,,,,,,0,,1.0,0,1.0,
31410532,7167508,0,0,0,0,clixsense,,,,,,,0,,1.0,0,1.0,
31415332,3446222,0,0,0,0,clixsense,,,,,,,0,,1.0,0,1.0,
31430179,7172572,279,10,60,0,clixsense,TUR,68,Ankara,78.162.1.229,,,0,,0.8333,28,1.0,1.0
31432360,6433367,0,0,0,0,clixsense,,,,,,,0,,1.0,0,1.0,
31463353,5E37198462BE7EBC044935D48A84480F,0,0,0,0,neodev,,,,,,,0,,1.0,0,1.0,
31471615,7183250,0,0,0,0,clixsense,,,,,,,0,,1.0,0,1.0,1.0
31485254,4ED8957328D54C440FA9E28369487118,5,1,5,0,neodev,TUR,35,Izmir,78.173.182.103,,,0,,0.8,300,1.0,1.0
31486164,F2307A3276E5C2D0BD9CE4BD64DFB8C1,0,0,0,0,neodev,,,,,,,0,,1.0,0,1.0,
31486862,7186961,0,0,0,0,clixsense,,,,,,,0,,1.0,0,1.0,
31499129,6955808,0,0,0,0,clixsense,,,,,,,0,,1.0,0,1.0,
31503638,E20009AC4397A3140FA9E28369487118,0,0,0,0,neodev,,,,,,,0,,1.0,0,1.0,
31503741,17E2F192EF2447382BFA95FAD8D0CB36,0,0,0,0,neodev,,,,,,,0,,1.0,0,1.0,1.0
31505865,92DC6F708862EA0F24750D543524A854,0,0,0,0,neodev,,,,,,,0,,1.0,0,1.0,
31526282,54198,0,0,0,0,elite,,,,,,,0,,1.0,0,1.0,
31534142,02C161FA2FD8584C2BFA95FAD8D0CB36,0,0,0,0,neodev,,,,,,,0,,1.0,0,1.0,
31544277,7196971,0,0,0,0,clixsense,,,,,,,0,,1.0,0,1.0,
31558499,7205323,0,0,0,0,clixsense,,,,,,,0,,1.0,0,1.0,
31563591,B653ADD7E0932AF093CA06397A287A80,0,0,0,0,neodev,,,,,,,0,,1.0,0,1.0,
31591485,7213460,5,2,5,0,clixsense,TUR,32,Mersin,178.233.124.0,,,0,,0.6,300,1.0,1.0
31591641,7211771,0,0,0,0,clixsense,,,,,,,0,,1.0,0,1.0,
31593710,55127,410,13,85,1,elite,TUR,"","",85.105.244.151,,,0,,0.8471,22,1.0,1.0
31597861,55206,0,0,0,0,elite,,,,,,,0,,1.0,0,1.0,
31603883,6B8BA753D10A46850FA9E28369487118,0,0,0,0,neodev,,,,,,,0,,1.0,0,1.0,
31605010,55287,0,0,0,0,elite,,,,,,,0,,1.0,0,1.0,
31623740,7222772,0,0,0,0,clixsense,,,,,,,0,,1.0,0,1.0,1.0
31624399,7F0F1CC7364F9F970FA9E28369487118,0,0,0,0,neodev,,,,,,,0,,1.0,0,1.0,
31632757,7225382,0,0,0,0,clixsense,,,,,,,0,,1.0,0,,1.0
31632760,7225469,0,0,0,0,clixsense,,,,,,,0,,1.0,0,1.0,
31637703,7226817,0,0,0,0,clixsense,,,,,,,0,,1.0,0,1.0,1.0
31644398,7228675,0,0,0,0,clixsense,,,,,,,0,,1.0,0,1.0,1.0
31644948,55937,0,0,0,0,elite,,,,,,,0,,1.0,0,1.0,
31670127,AF53D4533B0FEA1C24750D543524A854,0,0,0,0,neodev,,,,,,,0,,1.0,0,1.0,
31671747,56490,0,0,0,0,elite,,,,,,,0,,1.0,0,1.0,
31696373,57142,0,0,0,0,elite,,,,,,,0,,1.0,0,1.0,
31698808,7243795,5,2,5,0,clixsense,TUR,34,Istanbul,212.252.166.213,,,0,,0.6,300,,1.0
31702339,4374ECF430A4D96D2BFA95FAD8D0CB36,0,0,0,0,neodev,,,,,,,0,,1.0,0,1.0,
31707434,4381618,0,0,0,0,clixsense,,,,,,,0,,1.0,0,1.0,
31727423,57806,0,0,0,0,elite,,,,,,,0,,1.0,0,1.0,
31765930,7262281,0,0,0,0,clixsense,,,,,,,0,,1.0,0,1.0,
31766520,5F5D8C80C23B2C002BFA95FAD8D0CB36,0,0,0,0,neodev,,,,,,,0,,1.0,0,1.0,
31768884,7263502,0,0,0,0,clixsense,,,,,,,0,,1.0,0,1.0,1.0
31771354,7F001858E56589630DD4E15F98F7C799,0,0,0,0,neodev,,,,,,,0,,1.0,0,1.0,
31774320,7265120,0,0,0,0,clixsense,,,,,,,0,,1.0,0,,1.0
31777977,7265770,0,0,0,0,clixsense,,,,,,,0,,1.0,0,1.0,1.0
31789211,7269012,5,4,5,0,clixsense,TUR,68,Ankara,88.230.17.188,,,0,,0.2,0,,
31791015,7269797,0,0,0,0,clixsense,,,,,,,0,,1.0,0,1.0,
31805771,7274506,0,0,0,0,clixsense,,,,,,,0,,1.0,0,1.0,
31806791,59292,0,0,0,0,elite,,,,,,,0,,1.0,0,1.0,1.0
31808910,9B129273ED17FF682BFA95FAD8D0CB36,0,0,0,0,neodev,,,,,,,0,,1.0,0,1.0,
31810874,D7885B4DBA8B2722044935D48A84480F,0,0,0,0,neodev,,,,,,,0,,1.0,0,1.0,
31811093,7267977,0,0,0,0,clixsense,,,,,,,0,,1.0,0,1.0,
31811465,A0211858A50CD7C6BD9CE4BD64DFB8C1,0,0,0,0,neodev,,,,,,,0,,1.0,0,1.0,
31816541,327596B7FDFE9AA0044935D48A84480F,0,0,0,0,neodev,,,,,,,0,,1.0,0,1.0,
31822324,7279833,0,0,0,0,clixsense,,,,,,,0,,1.0,0,1.0,
31824013,7280192,295,12,63,0,clixsense,TUR,21,Diyarbakir,88.229.12.123,,,0,,0.8095,25,1.0,1.0
31834710,29E96BCF036D31000DD4E15F98F7C799,0,0,0,0,neodev,,,,,,,0,,1.0,0,1.0,
31839043,01A465AEB19AC64224750D543524A854,0,0,0,0,neodev,,,,,,,0,,1.0,0,1.0,
31839198,61517F13C072D82D0DD4E15F98F7C799,0,0,0,0,neodev,,,,,,,0,,1.0,0,1.0,
31842759,7283988,0,0,0,0,clixsense,,,,,,,0,,1.0,0,1.0,
31847168,7286345,0,0,0,0,clixsense,,,,,,,0,,1.0,0,1.0,
31857108,60008,0,0,0,0,elite,,,,,,,0,,1.0,0,1.0,
31858799,60043,0,0,0,0,elite,,,,,,,0,,1.0,0,1.0,1.0
31860859,sexyprincess,5,3,5,0,instagc,TUR,68,Ankara,88.226.235.148,,,0,,0.4,0,1.0,1.0
31865630,F8421C86377AC63824750D543524A854,0,0,0,0,neodev,,,,,,,0,,1.0,0,1.0,
31867615,7184474,0,0,0,0,clixsense,,,,,,,0,,1.0,0,1.0,1.0
31873031,7294427,0,0,0,0,clixsense,,,,,,,0,,1.0,0,1.0,
31874795,7294787,0,0,0,0,clixsense,,,,,,,0,,1.0,0,1.0,
31877260,A1FFBB00D9ABBAB493CA06397A287A80,0,0,0,0,neodev,,,,,,,0,,1.0,0,1.0,
31879651,6489645,0,0,0,0,clixsense,,,,,,,0,,1.0,0,1.0,
31881899,7294609,0,0,0,0,clixsense,,,,,,,0,,1.0,0,,1.0
31883386,7297234,5,2,4,1,clixsense,TUR,68,Ankara,95.9.41.25,,,0,,0.5,300,,1.0
31896688,C5CAEB3392E2DD9441A29D4352C72707,0,0,0,0,neodev,,,,,,,0,,1.0,0,1.0,
31933957,61064,0,0,0,0,elite,,,,,,,0,,1.0,0,1.0,
31933965,61056,0,0,0,0,elite,,,,,,,0,,1.0,0,1.0,
31936910,7313257,0,0,0,0,clixsense,,,,,,,0,,1.0,0,1.0,
31950278,6FE00BF001AD910E044935D48A84480F,0,0,0,0,neodev,,,,,,,0,,1.0,0,1.0,
31955300,61317,0,0,0,0,elite,,,,,,,0,,1.0,0,1.0,
31955641,7316255,0,0,0,0,clixsense,,,,,,,0,,1.0,0,1.0,
31994035,67B9C0A044A81BD80DD4E15F98F7C799,0,0,0,0,neodev,,,,,,,0,,1.0,0,1.0,
31994744,7328930,5,4,4,1,clixsense,TUR,63,Sanliurfa,78.175.69.165,,,0,,0.0,0,,1.0
32013009,7334082,0,0,0,0,clixsense,,,,,,,0,,1.0,0,1.0,1.0
32013088,moreless16,0,0,0,0,instagc,,,,,,,0,,1.0,0,1.0,1.0
32014217,7334528,5,5,5,0,clixsense,TUR,32,Mersin,78.160.130.205,,,0,,0.0,0,,1.0
32018146,0AA79F821BB279DD2BFA95FAD8D0CB36,0,0,0,0,neodev,,,,,,,0,,1.0,0,1.0,
32023351,7336996,0,0,0,0,clixsense,,,,,,,0,,1.0,0,1.0,
32025177,7337649,5,2,5,0,clixsense,TUR,85,Zonguldak,194.27.202.204,,,0,,0.6,0,1.0,1.0
32025624,5F0669FF36C367A60DD4E15F98F7C799,0,0,0,0,neodev,,,,,,,0,,1.0,0,1.0,
32035862,AFA7AFF8B95F99A493CA06397A287A80,0,0,0,0,neodev,,,,,,,0,,1.0,0,1.0,
32039058,7341928,0,0,0,0,clixsense,,,,,,,0,,1.0,0,,1.0
32046308,8CECE4F81CD5E4B26964A2442E880D82,0,0,0,0,neodev,,,,,,,0,,1.0,0,1.0,1.0
32049001,F227F039E5B74A0A0FA9E28369487118,0,0,0,0,neodev,,,,,,,0,,1.0,0,1.0,
32050425,7344986,5,2,5,0,clixsense,TUR,53,Rize,78.166.253.57,,,0,,0.6,300,1.0,
32051460,7345461,0,0,0,0,clixsense,,,,,,,0,,1.0,0,1.0,
32053717,7344401,0,0,0,0,clixsense,,,,,,,0,,1.0,0,1.0,
32055229,62352,0,0,0,0,elite,,,,,,,0,,1.0,0,1.0,
32068606,62455,0,0,0,0,elite,,,,,,,0,,1.0,0,1.0,
32076158,62501,0,0,0,0,elite,,,,,,,0,,1.0,0,1.0,
32078042,7352679,0,0,0,0,clixsense,,,,,,,0,,1.0,0,1.0,1.0
32081575,7353570,0,0,0,0,clixsense,,,,,,,0,,1.0,0,1.0,
32087827,1229781,0,0,0,0,tremorgames,,,,,,,0,,1.0,0,1.0,
32091580,7275EE29569060CD2BFA95FAD8D0CB36,0,0,0,0,neodev,,,,,,,0,,1.0,0,1.0,
32094342,7357206,0,0,0,0,clixsense,,,,,,,0,,1.0,0,1.0,1.0
32094942,1230281,0,0,0,0,tremorgames,,,,,,,0,,1.0,0,1.0,
32117380,7363362,0,0,0,0,clixsense,,,,,,,0,,1.0,0,1.0,
32154938,63180,0,0,0,0,elite,,,,,,,0,,1.0,0,1.0,
32155542,7368996,0,0,0,0,clixsense,,,,,,,0,,1.0,0,1.0,
32157337,7374380,0,0,0,0,clixsense,,,,,,,0,,1.0,0,1.0,
32162642,7372318,0,0,0,0,clixsense,,,,,,,0,,1.0,0,1.0,
32163313,7375586,0,0,0,0,clixsense,,,,,,,0,,1.0,0,1.0,
32175836,7378536,0,0,0,0,clixsense,,,,,,,0,,1.0,0,1.0,
32189237,7379965,5,5,5,0,clixsense,ITA,15,Palermo,94.37.70.45,,,0,,0.0,300,1.0,
32193148,E2C52A5277DDFB712BFA95FAD8D0CB36,0,0,0,0,neodev,,,,,,,0,,1.0,0,1.0,
32203207,7383868,0,0,0,0,clixsense,,,,,,,0,,1.0,0,,1.0
32207547,BE1ECD1284410BBF2BFA95FAD8D0CB36,0,0,0,0,neodev,,,,,,,0,,1.0,0,1.0,
32219490,7180DDE66078132D2BFA95FAD8D0CB36,5,5,5,0,neodev,UKR,"","",78.111.186.178,,,0,,0.0,300,1.0,
32220734,63579,0,0,0,0,elite,,,,,,,0,,1.0,0,1.0,
32236885,4C94940989FA25C9044935D48A84480F,0,0,0,0,neodev,,,,,,,0,,1.0,0,1.0,
32253860,63845,0,0,0,0,elite,,,,,,,0,,1.0,0,1.0,
32254876,A4F55794872B710093CA06397A287A80,0,0,0,0,neodev,,,,,,,0,,1.0,0,1.0,
32264293,63922,0,0,0,0,elite,,,,,,,0,,1.0,0,1.0,
32265867,63932,0,0,0,0,elite,,,,,,,0,,1.0,0,1.0,
32286715,C543C5CA4591187241A29D4352C72707,0,0,0,0,neodev,,,,,,,0,,1.0,0,1.0,
32297675,7414010,0,0,0,0,clixsense,,,,,,,0,,1.0,0,1.0,
32302089,7415379,0,0,0,0,clixsense,,,,,,,0,,1.0,0,1.0,
32311440,7418121,0,0,0,0,clixsense,,,,,,,0,,1.0,0,1.0,1.0
32327463,7421424,0,0,0,0,clixsense,,,,,,,0,,1.0,0,1.0,
32330591,1679C0B577D3CC176964A2442E880D82,0,0,0,0,neodev,,,,,,,0,,1.0,0,1.0,
32342787,7426196,0,0,0,0,clixsense,,,,,,,0,,1.0,0,1.0,
32343885,278225,5,5,5,0,gifthunterclub,ESP,53,Las Palmas,85.155.191.19,,,0,,0.0,300,1.0,
32352104,draz211,0,0,0,0,instagc,,,,,,,0,,1.0,0,1.0,
32361898,64741,5,2,5,0,elite,TUR,34,Istanbul,81.212.99.204,,,0,,0.6,0,1.0,1.0
32363453,64758,0,0,0,0,elite,,,,,,,0,,1.0,0,1.0,
32367259,64785,5,3,5,0,elite,TUR,68,Ankara,78.162.173.236,,,0,,0.4,300,,1.0
32368820,64810,5,2,5,0,elite,TUR,81,Adana,95.9.250.49,,,0,,0.6,0,1.0,1.0
32375111,808689292C55B5A7044935D48A84480F,0,0,0,0,neodev,,,,,,,0,,1.0,0,1.0,
32379601,64970,0,0,0,0,elite,,,,,,,0,,1.0,0,1.0,
32382965,65065,0,0,0,0,elite,,,,,,,0,,1.0,0,1.0,
32384269,65075,0,0,0,0,elite,,,,,,,0,,1.0,0,1.0,
32385365,7431872,5,5,5,0,clixsense,TUR,68,Ankara,95.9.223.129,,,0,,0.0,300,,1.0
32391351,7440518,0,0,0,0,clixsense,,,,,,,0,,1.0,0,1.0,
32392336,E7796E2950D5554241A29D4352C72707,0,0,0,0,neodev,,,,,,,0,,1.0,0,1.0,
32398996,7441937,0,0,0,0,clixsense,,,,,,,0,,1.0,0,1.0,1.0
32399087,7F389A03C6F70E3D0DD4E15F98F7C799,0,0,0,0,neodev,,,,,,,0,,1.0,0,1.0,
32399571,CC80CEE7A2E309AC0DD4E15F98F7C799,0,0,0,0,neodev,,,,,,,0,,1.0,0,1.0,
32405246,ACEAAA0D18A46D5D41A29D4352C72707,0,0,0,0,neodev,,,,,,,0,,1.0,0,1.0,
32408931,65391,0,0,0,0,elite,,,,,,,0,,1.0,0,1.0,
32414405,8000000001274194108,0,0,0,0,superrewards,,,,,,,0,,1.0,0,1.0,
32441261,7455873,0,0,0,0,clixsense,,,,,,,0,,1.0,0,1.0,
32455358,284873,0,0,0,0,gifthunterclub,,,,,,,0,,1.0,0,1.0,
32472823,3843716,0,0,0,0,clixsense,,,,,,,0,,1.0,0,1.0,
32511095,7477653,0,0,0,0,clixsense,,,,,,,0,,1.0,0,1.0,
32516405,7478963,0,0,0,0,clixsense,,,,,,,0,,1.0,0,1.0,
32529902,7482921,0,0,0,0,clixsense,,,,,,,0,,1.0,0,1.0,
32532278,7484058,10,2,6,0,clixsense,TUR,68,Ankara,85.110.21.36,,,0,,0.6667,300,,1.0
32533112,9E6E824AD7BE6D3824750D543524A854,0,0,0,0,neodev,,,,,,,0,,1.0,0,1.0,
32547492,7488769,0,0,0,0,clixsense,,,,,,,0,,1.0,0,1.0,
32548317,5556865,5,4,5,0,clixsense,TUR,34,Istanbul,141.196.10.80,,,0,,0.2,300,,1.0
32572254,0E76D6136310D69424750D543524A854,0,0,0,0,neodev,,,,,,,0,,1.0,0,1.0,
32579183,7498512,0,0,0,0,clixsense,,,,,,,0,,1.0,0,1.0,1.0
32588925,7501192,5,5,5,0,clixsense,TUR,55,Samsun,94.120.179.74,,,0,,0.0,300,,1.0
32592932,7503004,0,0,0,0,clixsense,,,,,,,0,,1.0,0,1.0,
32594260,7503341,5,5,5,0,clixsense,TUR,46,Kahramanmaras,85.110.246.43,,,0,,0.0,300,,
32597728,7493027,0,0,0,0,clixsense,,,,,,,0,,1.0,0,,1.0
32603741,7506375,0,0,0,0,clixsense,,,,,,,0,,1.0,0,1.0,
32614291,7509547,5,2,5,0,clixsense,TUR,35,Izmir,78.186.162.14,,,0,,0.6,300,,1.0
32617516,7510613,5,3,5,0,clixsense,DEU,07,Witten,91.10.163.111,,,0,,0.4,300,1.0,
32627665,7510797,5,3,5,0,clixsense,TUR,34,Istanbul,5.47.242.15,,,0,,0.4,0,,1.0
32628141,291906,0,0,0,0,gifthunterclub,,,,,,,0,,1.0,0,1.0,
32631701,7515620,0,0,0,0,clixsense,,,,,,,0,,1.0,0,1.0,1.0
32636874,7517341,20,3,8,0,clixsense,TUR,34,Istanbul,78.181.206.122,,,0,,0.625,300,1.0,1.0
32642091,61C2A20B88F4BF952BFA95FAD8D0CB36,0,0,0,0,neodev,,,,,,,0,,1.0,0,1.0,
32646304,7519931,0,0,0,0,clixsense,,,,,,,0,,1.0,0,1.0,
32649241,7521124,5,2,5,0,clixsense,TUR,68,Ankara,176.40.150.21,,,0,,0.6,300,,1.0
32657135,F5BB6DF1A680E025BD9CE4BD64DFB8C1,0,0,0,0,neodev,,,,,,,0,,1.0,0,1.0,
32666698,67716,0,0,0,0,elite,,,,,,,0,,1.0,0,1.0,1.0
32666739,67717,5,2,5,0,elite,TUR,68,Ankara,85.101.185.177,,,0,,0.6,0,,1.0
32670881,67746,0,0,0,0,elite,,,,,,,0,,1.0,0,1.0,
32671685,C676689F38DB3F1841A29D4352C72707,0,0,0,0,neodev,,,,,,,0,,1.0,0,1.0,
32685475,7533384,145,6,31,1,clixsense,TUR,68,Ankara,85.110.21.36,,,0,,0.8065,62,,1.0
32689745,C9213D0C96570F912BFA95FAD8D0CB36,0,0,0,0,neodev,,,,,,,0,,1.0,0,1.0,
32697501,C7A00DF34E8C29E00DD4E15F98F7C799,0,0,0,0,neodev,,,,,,,0,,1.0,0,1.0,
32710569,16D14AB31EA7684F93CA06397A287A80,0,0,0,0,neodev,,,,,,,0,,1.0,0,1.0,
32712242,7542641,0,0,0,0,clixsense,,,,,,,0,,1.0,0,1.0,
32722340,7546173,0,0,0,0,clixsense,,,,,,,0,,1.0,0,1.0,1.0
32730309,7548747,5,2,5,0,clixsense,TUR,34,Istanbul,78.188.200.12,,,0,,0.6,0,,1.0
32730687,12E9AF3DA17C790D0DD4E15F98F7C799,65,3,17,0,neodev,TUR,68,Ankara,46.197.248.127,,,0,,0.8235,60,,1.0
32754807,68548,0,0,0,0,elite,,,,,,,0,,1.0,0,1.0,
32765965,7557978,0,0,0,0,clixsense,,,,,,,0,,1.0,0,,1.0
32770356,7562055,160,10,36,0,clixsense,TUR,34,Istanbul,95.14.112.83,,,0,,0.7222,35,1.0,1.0
32771351,AB9F625B37D79D6B6964A2442E880D82,0,0,0,0,neodev,,,,,,,0,,1.0,0,1.0,
32786960,21DFA914E1D86FD12BFA95FAD8D0CB36,0,0,0,0,neodev,,,,,,,0,,1.0,0,1.0,
32787923,7560942,0,0,0,0,clixsense,,,,,,,0,,1.0,0,1.0,
32789249,7569072,0,0,0,0,clixsense,,,,,,,0,,1.0,0,,1.0
32799083,7572323,0,0,0,0,clixsense,,,,,,,0,,1.0,0,,1.0
32822750,5F10FD681D825EDA6964A2442E880D82,0,0,0,0,neodev,,,,,,,0,,1.0,0,1.0,
32838543,69323,10,2,6,0,elite,TUR,34,Istanbul,78.181.139.132,,,0,,0.6667,300,1.0,1.0
32840614,7582422,0,0,0,0,clixsense,,,,,,,0,,1.0,0,1.0,
32846803,7569729,0,0,0,0,clixsense,,,,,,,0,,1.0,0,1.0,
32849013,52E44E26AD533BD7DD6A67EA287D2489,0,0,0,0,neodev,,,,,,,0,,1.0,0,1.0,
32849290,7589395,0,0,0,0,clixsense,,,,,,,0,,1.0,0,1.0,
32850705,7589754,5,5,5,0,clixsense,RUS,08,Ufa,109.195.150.88,,,0,,0.0,0,1.0,
32851954,BE705C80112149EFBD9CE4BD64DFB8C1,0,0,0,0,neodev,,,,,,,0,,1.0,0,1.0,
32862977,7594023,0,0,0,0,clixsense,,,,,,,0,,1.0,0,1.0,
32863236,3056544,0,0,0,0,clixsense,,,,,,,0,,1.0,0,1.0,
32863246,7594177,0,0,0,0,clixsense,,,,,,,0,,1.0,0,1.0,
32868746,7595881,0,0,0,0,clixsense,,,,,,,0,,1.0,0,1.0,
32870278,7596586,0,0,0,0,clixsense,,,,,,,0,,1.0,0,1.0,1.0
32878697,02D68FF0F2BAAE9E0FA9E28369487118,0,0,0,0,neodev,,,,,,,0,,1.0,0,1.0,
32887131,7601116,5,2,5,0,clixsense,TUR,68,Ankara,24.133.244.137,,,0,,0.6,0,,1.0
32892484,7604006,10,2,6,0,clixsense,TUR,68,Ankara,195.174.173.110,,,0,,0.6667,300,1.0,1.0
32896713,7601884,0,0,0,0,clixsense,,,,,,,0,,1.0,0,1.0,
32908699,7609587,5,4,5,0,clixsense,TUR,83,Gaziantep,88.227.68.117,,,0,,0.2,300,,1.0
32909538,7609813,5,3,5,0,clixsense,TUR,20,Denizli,46.197.130.147,,,0,,0.4,300,,1.0
32914820,7611842,5,3,5,0,clixsense,TUR,34,Istanbul,88.235.48.235,,,0,,0.4,300,,1.0
32916527,D988F561329C121DDD6A67EA287D2489,0,0,0,0,neodev,,,,,,,0,,1.0,0,1.0,
32926393,7615470,0,0,0,0,clixsense,,,,,,,0,,1.0,0,1.0,1.0
32927254,CCDB78D052817E7041A29D4352C72707,0,0,0,0,neodev,,,,,,,0,,1.0,0,1.0,
32927303,93710384B6DA91AB044935D48A84480F,0,0,0,0,neodev,,,,,,,0,,1.0,0,1.0,
32931223,5119B26E5E88D6756964A2442E880D82,0,0,0,0,neodev,,,,,,,0,,1.0,0,1.0,
32939664,7620320,5,3,5,0,clixsense,TUR,68,Ankara,212.156.76.22,,,0,,0.4,0,,1.0
32950231,E422F850761093CA044935D48A84480F,0,0,0,0,neodev,,,,,,,0,,1.0,0,1.0,
32962052,7627951,0,0,0,0,clixsense,,,,,,,0,,1.0,0,1.0,
32975143,1370818,0,0,0,0,tremorgames,,,,,,,0,,1.0,0,1.0,
32978388,7633121,0,0,0,0,clixsense,,,,,,,0,,1.0,0,1.0,1.0
32979004,7633186,0,0,0,0,clixsense,,,,,,,0,,1.0,0,1.0,1.0
33006242,7641958,0,0,0,0,clixsense,,,,,,,0,,1.0,0,1.0,
33008676,7631799,0,0,0,0,clixsense,,,,,,,0,,1.0,0,1.0,
33017118,EF8EE5830DDB0E29044935D48A84480F,0,0,0,0,neodev,,,,,,,0,,1.0,0,1.0,
33017862,C9329AAA5554E91A0FA9E28369487118,0,0,0,0,neodev,,,,,,,0,,1.0,0,1.0,
33019388,7646445,505,3,104,1,clixsense,TUR,10,Balikesir,94.120.26.22,,,0,,0.9712,72,1.0,1.0
33021100,7647185,0,0,0,0,clixsense,,,,,,,0,,1.0,0,,1.0
33026771,3308E60652C457160FA9E28369487118,0,0,0,0,neodev,,,,,,,0,,1.0,0,1.0,
33030870,CBF18E831BB31DDC41A29D4352C72707,0,0,0,0,neodev,,,,,,,0,,1.0,0,1.0,
33031918,7646681,0,0,0,0,clixsense,,,,,,,0,,1.0,0,1.0,
33032735,7650890,5,5,5,0,clixsense,BGD,84,Chittagong,103.195.140.5,,,0,,0.0,300,1.0,
33043283,7653450,0,0,0,0,clixsense,,,,,,,0,,1.0,0,1.0,
33051479,7655153,0,0,0,0,clixsense,,,,,,,0,,1.0,0,1.0,
33052995,71575,225,6,49,0,elite,TUR,34,Istanbul,85.103.17.79,,,0,,0.8776,32,1.0,
33063779,BFC3FC9F1FF606B7044935D48A84480F,0,0,0,0,neodev,,,,,,,0,,1.0,0,1.0,
33070566,CE1243D176BC899E93CA06397A287A80,0,0,0,0,neodev,,,,,,,0,,1.0,0,1.0,
33084893,9A0053B3217FEA3C0FA9E28369487118,5,3,5,0,neodev,TUR,16,Bursa,78.177.21.52,,,0,,0.4,0,,
33088110,2103963,0,0,0,0,clixsense,,,,,,,0,,1.0,0,1.0,
33089208,7665868,0,0,0,0,clixsense,,,,,,,0,,1.0,0,,1.0
33094230,sofiaejaz,0,0,0,0,instagc,,,,,,,0,,1.0,0,1.0,
33101150,007FF9EE0BA7B005044935D48A84480F,5,4,5,0,neodev,TUR,76,Batman,78.169.154.86,,,0,,0.2,0,,1.0
33102233,72249,0,0,0,0,elite,,,,,,,0,,1.0,0,1.0,
33108242,6829397,0,0,0,0,clixsense,,,,,,,0,,1.0,0,1.0,
33110906,8DE8726662100F4CBD9CE4BD64DFB8C1,0,0,0,0,neodev,,,,,,,0,,1.0,0,1.0,
33114685,894A11F049CE7E7F41A29D4352C72707,0,0,0,0,neodev,,,,,,,0,,1.0,0,1.0,
33119802,73D5AEE0265703E62BFA95FAD8D0CB36,0,0,0,0,neodev,,,,,,,0,,1.0,0,1.0,
33146134,A76ACC75B8E1D5D741A29D4352C72707,0,0,0,0,neodev,,,,,,,0,,1.0,0,1.0,
33177477,7696012,0,0,0,0,clixsense,,,,,,,0,,1.0,0,,1.0
33231271,7678810,0,0,0,0,clixsense,,,,,,,0,,1.0,0,1.0,
33253227,7717828,0,0,0,0,clixsense,,,,,,,0,,1.0,0,1.0,
33254158,85C9F01EB17458E993CA06397A287A80,5,4,5,0,neodev,COL,26,Bucaramanga,186.183.150.98,,,0,,0.2,0,1.0,
33255287,7718926,10,2,6,0,clixsense,TUR,68,Ankara,78.178.51.133,,,0,,0.6667,300,1.0,1.0
33256761,D993B6AE593A0E11BD9CE4BD64DFB8C1,0,0,0,0,neodev,,,,,,,0,,1.0,0,1.0,
33263403,7721454,0,0,0,0,clixsense,,,,,,,0,,1.0,0,1.0,
33267340,DCXD44W2Y4,95,7,23,0,hiving,TUR,34,Istanbul,85.97.25.211,,,0,,0.6957,24,,1.0
33271751,73862,0,0,0,0,elite,,,,,,,0,,1.0,0,1.0,
33280016,391E11634A1973FE93CA06397A287A80,0,0,0,0,neodev,,,,,,,0,,1.0,0,1.0,
33286872,FD88CCCA28F99C7424750D543524A854,0,0,0,0,neodev,,,,,,,0,,1.0,0,1.0,
33290595,A1B63FC50F4D99136964A2442E880D82,0,0,0,0,neodev,,,,,,,0,,1.0,0,1.0,
33294488,B68048B4DF5A581A044935D48A84480F,0,0,0,0,neodev,,,,,,,0,,1.0,0,1.0,
33298276,7731558,600,25,124,0,clixsense,TUR,34,Istanbul,46.2.215.17,,,0,,0.7984,53,,1.0
33298556,74056,0,0,0,0,elite,,,,,,,0,,1.0,0,1.0,
33300490,1409893,0,0,0,0,tremorgames,,,,,,,0,,1.0,0,1.0,
33304345,7733414,0,0,0,0,clixsense,,,,,,,0,,1.0,0,1.0,
33304561,7617490,0,0,0,0,clixsense,,,,,,,0,,1.0,0,,1.0
33306851,7650657,0,0,0,0,clixsense,,,,,,,0,,1.0,0,1.0,
33311621,7733655,5,5,5,0,clixsense,BRA,30,Recife,179.197.65.189,,,0,,0.0,300,1.0,
33318048,1229698,0,0,0,0,tremorgames,,,,,,,0,,1.0,0,,1.0
33319325,7737526,0,0,0,0,clixsense,,,,,,,0,,1.0,0,1.0,
33319917,5FADD7B9CE1BDE58BD9CE4BD64DFB8C1,0,0,0,0,neodev,,,,,,,0,,1.0,0,1.0,
33327177,B5837879B4DB4DCD93CA06397A287A80,5,4,5,0,neodev,VEN,"","",190.79.246.167,,,0,,0.2,300,1.0,
33334804,A0C541FF9A8BB9460FA9E28369487118,0,0,0,0,neodev,,,,,,,0,,1.0,0,1.0,
33337966,7742297,0,0,0,0,clixsense,,,,,,,0,,1.0,0,1.0,
33355861,CAE82AEDA49876E30FA9E28369487118,0,0,0,0,neodev,,,,,,,0,,1.0,0,1.0,
33368875,692AD808493269A42BFA95FAD8D0CB36,0,0,0,0,neodev,,,,,,,0,,1.0,0,1.0,
33371512,34192926C4BA628E044935D48A84480F,0,0,0,0,neodev,,,,,,,0,,1.0,0,1.0,
33380233,5SP7DDTN82,0,0,0,0,hiving,,,,,,,0,,1.0,0,1.0,
33384204,68406,0,0,0,0,elite,,,,,,,0,,1.0,0,1.0,
33386776,001A75216E51934241A29D4352C72707,0,0,0,0,neodev,,,,,,,0,,1.0,0,1.0,
33390869,E483ADD80FA424D741A29D4352C72707,0,0,0,0,neodev,,,,,,,0,,1.0,0,1.0,
33396783,E9EE22BABDA2BE080FA9E28369487118,5,5,5,0,neodev,ROU,18,Galati,95.77.196.107,,,0,,0.0,300,1.0,
33421051,2396798A03C3E96B6964A2442E880D82,0,0,0,0,neodev,,,,,,,0,,1.0,0,1.0,
33424112,1427882,0,0,0,0,tremorgames,,,,,,,0,,1.0,0,1.0,
33424460,23CEDFBFEE2917BA2BFA95FAD8D0CB36,0,0,0,0,neodev,,,,,,,0,,1.0,0,1.0,1.0
33425823,5A9825FB5C4667B1DD6A67EA287D2489,0,0,0,0,neodev,,,,,,,0,,1.0,0,1.0,
33431166,9E52C62166FC78E4BD9CE4BD64DFB8C1,0,0,0,0,neodev,,,,,,,0,,1.0,0,1.0,
33433523,7766946,155,9,35,0,clixsense,TUR,26,Eskisehir,78.163.56.254,,,0,,0.7429,30,,1.0
33435015,7734844,0,0,0,0,clixsense,,,,,,,0,,1.0,0,1.0,
33446170,isguderg@itu.edu.tr,135,1,31,0,cf_internal,TUR,34,Istanbul,176.41.95.186,,,0,,0.9677,352,1.0,
33453087,4B91C14A61C9968141A29D4352C72707,0,0,0,0,neodev,,,,,,,0,,1.0,0,,1.0
33453966,7769691,0,0,0,0,clixsense,,,,,,,0,,1.0,0,1.0,
33454873,7763298,0,0,0,0,clixsense,,,,,,,0,,1.0,0,1.0,
33466998,75815,0,0,0,0,elite,,,,,,,0,,1.0,0,1.0,
33468308,7775272,0,0,0,0,clixsense,,,,,,,0,,1.0,0,1.0,
33473086,7777800,0,0,0,0,clixsense,,,,,,,0,,1.0,0,1.0,1.0
33479167,75954,0,0,0,0,elite,,,,,,,0,,1.0,0,1.0,
33481144,05039EED15615BB324750D543524A854,0,0,0,0,neodev,,,,,,,0,,1.0,0,1.0,
33484691,39D4350335C004C56964A2442E880D82,0,0,0,0,neodev,,,,,,,0,,1.0,0,1.0,
33489432,DC53D839C240D4FD41A29D4352C72707,0,0,0,0,neodev,,,,,,,0,,1.0,0,1.0,
33498392,BA8EFC2BEB9687142BFA95FAD8D0CB36,0,0,0,0,neodev,,,,,,,0,,1.0,0,1.0,
33498620,19B9CD0EECDC6454BD9CE4BD64DFB8C1,0,0,0,0,neodev,,,,,,,0,,1.0,0,1.0,
33498889,7784758,305,8,65,0,clixsense,TUR,35,Izmir,88.246.124.60,,,0,,0.8769,42,1.0,1.0
33501965,7785677,0,0,0,0,clixsense,,,,,,,0,,1.0,0,1.0,
33527181,442CB406B5952BB5DD6A67EA287D2489,0,0,0,0,neodev,,,,,,,0,,1.0,0,1.0,
33528094,7672974,0,0,0,0,clixsense,,,,,,,0,,1.0,0,1.0,
33528105,7587596,0,0,0,0,clixsense,,,,,,,0,,1.0,0,1.0,
33529728,4003060,0,0,0,0,clixsense,,,,,,,0,,1.0,0,1.0,
33530300,7789272,0,0,0,0,clixsense,,,,,,,0,,1.0,0,1.0,
33530399,7792641,5,2,5,0,clixsense,TUR,34,Istanbul,212.253.112.193,,,0,,0.6,300,1.0,1.0
33536773,7793012,45,4,13,0,clixsense,TUR,"","",95.9.14.90,,,0,,0.6923,60,,1.0
33537339,8DF18BF8E6FB3D4B24750D543524A854,0,0,0,0,neodev,,,,,,,0,,1.0,0,1.0,
33547742,76641,0,0,0,0,elite,,,,,,,0,,1.0,0,1.0,1.0
33555016,6099F50E38218C1F0FA9E28369487118,0,0,0,0,neodev,,,,,,,0,,1.0,0,1.0,
33555576,7CF8664EE0BE721A93CA06397A287A80,0,0,0,0,neodev,,,,,,,0,,1.0,0,1.0,
33558573,7798385,0,0,0,0,clixsense,,,,,,,0,,1.0,0,1.0,1.0
33579408,C50D31D8CF5C8916044935D48A84480F,0,0,0,0,neodev,,,,,,,0,,1.0,0,1.0,
33579815,8000000001277077041,0,0,0,0,superrewards,,,,,,,0,,1.0,0,,1.0
33583116,2A0978FBFA80D3392BFA95FAD8D0CB36,0,0,0,0,neodev,,,,,,,0,,1.0,0,1.0,
33593263,7D76D982C3F01D1524750D543524A854,0,0,0,0,neodev,,,,,,,0,,1.0,0,1.0,
33598888,7810340,0,0,0,0,clixsense,,,,,,,0,,1.0,0,1.0,1.0
33613000,7814055,5,3,5,0,clixsense,TUR,32,Mersin,212.252.116.103,,,0,,0.4,300,,1.0
33615420,1450304,0,0,0,0,tremorgames,,,,,,,0,,1.0,0,,
33618059,hebele,0,0,0,0,instagc,,,,,,,0,,1.0,0,1.0,
33621642,9BC050F199C4D2522BFA95FAD8D0CB36,0,0,0,0,neodev,,,,,,,0,,1.0,0,1.0,
33623553,7504472,0,0,0,0,clixsense,,,,,,,0,,1.0,0,1.0,
33626616,7816542,5,4,5,0,clixsense,TUR,68,Ankara,178.233.167.253,,,0,,0.2,0,,1.0
33627014,7817422,0,0,0,0,clixsense,,,,,,,0,,1.0,0,1.0,
33627896,C6C4EEBBD34D7FBA41A29D4352C72707,0,0,0,0,neodev,,,,,,,0,,1.0,0,1.0,
33632091,7793628,0,0,0,0,clixsense,,,,,,,0,,1.0,0,1.0,1.0
33636762,CFA0ABD828D9946F24750D543524A854,0,0,0,0,neodev,,,,,,,0,,1.0,0,1.0,
33640085,7820576,5,4,5,0,clixsense,TUR,21,Diyarbakir,88.252.11.135,,,0,,0.2,300,,1.0
33641256,7820810,0,0,0,0,clixsense,,,,,,,0,,1.0,0,,1.0
33642723,2921C5036BDFEC6F24750D543524A854,0,0,0,0,neodev,,,,,,,0,,1.0,0,1.0,
33643675,7821279,5,3,5,0,clixsense,TUR,34,Istanbul,46.197.149.12,,,0,,0.4,300,,1.0
33644825,DC44DD167649EBBC41A29D4352C72707,0,0,0,0,neodev,,,,,,,0,,1.0,0,1.0,
33652775,2173075574FD4F310DD4E15F98F7C799,0,0,0,0,neodev,,,,,,,0,,1.0,0,1.0,
33658047,2A82EE14D237723A667AD9B74FE239D0,5,4,5,0,neodev,TUR,35,Izmir,94.121.166.89,,,0,,0.2,300,,1.0
33668438,53DEC49EB8BF662EDE1C1F776E860E31,0,0,0,0,neodev,,,,,,,0,,1.0,0,1.0,
33673333,14C7818365632A72008D8D1D7EF00A28,0,0,0,0,neodev,,,,,,,0,,1.0,0,1.0,
33675132,527AD65C1A39E56011A1B4E358E036AF,0,0,0,0,neodev,,,,,,,0,,1.0,0,1.0,
33692378,7835906,0,0,0,0,clixsense,,,,,,,0,,1.0,0,1.0,
33693676,7829553,0,0,0,0,clixsense,,,,,,,0,,1.0,0,1.0,
33696511,F4DD3EB81C3793976BDCD589D6BB8CA1,0,0,0,0,neodev,,,,,,,0,,1.0,0,1.0,
33710096,7839957,0,0,0,0,clixsense,,,,,,,0,,1.0,0,1.0,
33717980,7841768,0,0,0,0,clixsense,,,,,,,0,,1.0,0,,1.0
33728906,7843982,0,0,0,0,clixsense,,,,,,,0,,1.0,0,1.0,
33730797,278414A40EEE06A1BE88392C7C4AEDF0,0,0,0,0,neodev,,,,,,,0,,1.0,0,1.0,
33732081,9C96CBBA761F65EEE0F410E778370DBC,0,0,0,0,neodev,,,,,,,0,,1.0,0,1.0,
33733573,7830795,0,0,0,0,clixsense,,,,,,,0,,1.0,0,1.0,
33737853,B0BB1917C8CCFF478C872C89F84C52C0,0,0,0,0,neodev,,,,,,,0,,1.0,0,1.0,1.0
33739744,6186A31CA991EBDC667AD9B74FE239D0,0,0,0,0,neodev,,,,,,,0,,1.0,0,1.0,
33744368,D85E3C57668D05376B390050D52FDAD3,0,0,0,0,neodev,,,,,,,0,,1.0,0,1.0,
33750934,76BF6AD4827344CA09A3246400FC988C,0,0,0,0,neodev,,,,,,,0,,1.0,0,1.0,
33757266,278414A40EEE06A1B54F3332206396E9,0,0,0,0,neodev,,,,,,,0,,1.0,0,1.0,
33767503,7853356,0,0,0,0,clixsense,,,,,,,0,,1.0,0,1.0,
33768352,8DEDA9A57C250A05F063FCF4079B2070,0,0,0,0,neodev,,,,,,,0,,1.0,0,1.0,
33769817,82724DF53C6C6B6852A6F24AA52E306B,0,0,0,0,neodev,,,,,,,0,,1.0,0,1.0,
33770137,A379F1AEEFEBE5645A177E0B4883CD7E,0,0,0,0,neodev,,,,,,,0,,1.0,0,1.0,
33770244,7854371,0,0,0,0,clixsense,,,,,,,0,,1.0,0,1.0,
33776132,DA1F9C948C3AF665E0F410E778370DBC,0,0,0,0,neodev,,,,,,,0,,1.0,0,1.0,
33778206,C9FE555CE687D670008D8D1D7EF00A28,0,0,0,0,neodev,,,,,,,0,,1.0,0,1.0,
33780442,7857101,0,0,0,0,clixsense,,,,,,,0,,1.0,0,1.0,1.0
33791597,7859367,0,0,0,0,clixsense,,,,,,,0,,1.0,0,,1.0
33792477,78716,0,0,0,0,elite,,,,,,,0,,1.0,0,1.0,
33801943,B303022D07641993F063FCF4079B2070,5,5,5,0,neodev,USA,OH,Columbus,216.177.129.100,,,0,,0.0,0,1.0,
33803251,78056,0,0,0,0,elite,,,,,,,0,,1.0,0,1.0,1.0
33810351,EA27599AA35652BD274850ECB9537659,0,0,0,0,neodev,,,,,,,0,,1.0,0,,1.0
33810426,EA27599AA35652BD168F3D181200FF42,0,0,0,0,neodev,,,,,,,0,,1.0,0,1.0,
33816739,2747937,0,0,0,0,clixsense,,,,,,,0,,1.0,0,1.0,
33820162,37B7CBAE612F2E0ABD4231B0CD821AB6,0,0,0,0,neodev,,,,,,,0,,1.0,0,1.0,
33827460,7868425,0,0,0,0,clixsense,,,,,,,0,,1.0,0,1.0,
33827691,7D33BB2408318593143E2E32438F3B0E,0,0,0,0,neodev,,,,,,,0,,1.0,0,,
33844215,7872607,0,0,0,0,clixsense,,,,,,,0,,1.0,0,1.0,1.0
33846245,7872966,724,17,148,1,clixsense,TUR,68,Ankara,78.162.1.229,,,0,,0.8851,42,1.0,1.0
33851028,5763AFCE05960AE7807A1C1B93AA3314,0,0,0,0,neodev,,,,,,,0,,1.0,0,1.0,
33857104,7875675,5,3,5,0,clixsense,TUR,"","",85.105.29.2,,,0,,0.4,300,,1.0
33863495,3F78B7E643175CEEFD55B23693B99944,0,0,0,0,neodev,,,,,,,0,,1.0,0,1.0,
33866289,7877942,0,0,0,0,clixsense,,,,,,,0,,1.0,0,,1.0
33899112,7885976,0,0,0,0,clixsense,,,,,,,0,,1.0,0,1.0,
33900426,52A6F1636A0B8E19B6CD945299117BED,0,0,0,0,neodev,,,,,,,0,,1.0,0,1.0,
33907329,DD6CC62DAFC0E232D4ACF736FDEB0260,0,0,0,0,neodev,,,,,,,0,,1.0,0,1.0,1.0
33907729,80144,0,0,0,0,elite,,,,,,,0,,1.0,0,1.0,1.0
33910135,F6114370EDE6099E143E2E32438F3B0E,0,0,0,0,neodev,,,,,,,0,,1.0,0,1.0,
33912212,80187,0,0,0,0,elite,,,,,,,0,,1.0,0,1.0,1.0
33913562,46278AD825905DEF1C4225EF31E8C1E3,0,0,0,0,neodev,,,,,,,0,,1.0,0,1.0,
33914476,78184,0,0,0,0,elite,,,,,,,0,,1.0,0,1.0,
33919870,7890828,0,0,0,0,clixsense,,,,,,,0,,1.0,0,1.0,
33921866,80297,0,0,0,0,elite,,,,,,,0,,1.0,0,1.0,
33923109,7885815,0,0,0,0,clixsense,,,,,,,0,,1.0,0,1.0,
33932938,F440139C28621CAC2C49F30A9F655560,0,0,0,0,neodev,,,,,,,0,,1.0,0,1.0,
33935715,7894898,10,1,5,1,clixsense,TUR,61,Trabzon,78.190.38.15,,,0,,0.8,300,,1.0
33939537,4EA83877299C5FFDAA5E3A041481982C,0,0,0,0,neodev,,,,,,,0,,1.0,0,1.0,
33942357,90A362B7664A3426B6CD945299117BED,0,0,0,0,neodev,,,,,,,0,,1.0,0,1.0,
33944146,7897128,0,0,0,0,clixsense,,,,,,,0,,1.0,0,,1.0
33948966,7898246,0,0,0,0,clixsense,,,,,,,0,,1.0,0,,1.0
33949049,7898314,0,0,0,0,clixsense,,,,,,,0,,1.0,0,1.0,1.0
33952676,7899365,0,0,0,0,clixsense,,,,,,,0,,1.0,0,1.0,
33961236,7901190,0,0,0,0,clixsense,,,,,,,0,,1.0,0,1.0,
33963477,7902233,0,0,0,0,clixsense,,,,,,,0,,1.0,0,1.0,
33966536,7769066,5,1,5,0,clixsense,TUR,71,Konya,46.2.165.126,,,0,,0.8,0,,1.0
33974730,DF3838F768DBB17D96031965FDA9D41F,0,0,0,0,neodev,,,,,,,0,,1.0,0,,1.0
33976149,80814,0,0,0,0,elite,,,,,,,0,,1.0,0,1.0,
33996527,7911007,5,5,5,0,clixsense,TUR,34,Istanbul,78.179.120.90,,,0,,0.0,300,,
33999110,31F2BA89D38D41A087D9602DE7E4D81B,0,0,0,0,neodev,,,,,,,0,,1.0,0,1.0,
34001066,7912016,5,3,5,0,clixsense,TUR,"","",31.206.126.203,,,0,,0.4,0,,1.0
34011377,5B299A8C1427EC4CB0D4CB6DCC18E8F9,0,0,0,0,neodev,,,,,,,0,,1.0,0,1.0,
34014876,5FFD2D6B91A0B099710AB5506CDE15E0,0,0,0,0,neodev,,,,,,,0,,1.0,0,1.0,
34019278,7917297,125,4,29,0,clixsense,TUR,68,Ankara,217.131.176.96,,,0,,0.8621,300,,1.0
34028208,7919440,0,0,0,0,clixsense,,,,,,,0,,1.0,0,1.0,
34034207,81354,5,4,5,0,elite,TUR,"","",37.154.1.126,,,0,,0.2,0,1.0,1.0
34036999,7921706,0,0,0,0,clixsense,,,,,,,0,,1.0,0,1.0,1.0
34043188,9C03FF875248DBB9E0643075F37BEF58,0,0,0,0,neodev,,,,,,,0,,1.0,0,1.0,
34052073,7926011,0,0,0,0,clixsense,,,,,,,0,,1.0,0,1.0,
34052077,A020BCB49DA1BB0BE0643075F37BEF58,5,5,5,0,neodev,TUR,68,Ankara,176.40.193.105,,,0,,0.0,0,,1.0
34057416,7927299,0,0,0,0,clixsense,,,,,,,0,,1.0,0,1.0,
34067263,1D2CD67FF6D54CF930A97108728B0765,0,0,0,0,neodev,,,,,,,0,,1.0,0,,1.0
34076890,81794,0,0,0,0,elite,,,,,,,0,,1.0,0,1.0,
34080388,7933817,0,0,0,0,clixsense,,,,,,,0,,1.0,0,1.0,
34081927,B6BC54B172158326498878444F81137D,0,0,0,0,neodev,,,,,,,0,,1.0,0,1.0,
34085906,09C305E30E3231B1B54F3332206396E9,10,1,6,0,neodev,TUR,68,Yenimahalle,94.54.89.236,,,0,,0.8333,300,,1.0
34088200,3C8C74B26F83E7024B7AEA85440565A3,0,0,0,0,neodev,,,,,,,0,,1.0,0,1.0,
34088996,7936360,553,11,113,2,clixsense,TUR,34,Istanbul,195.142.178.3,,,0,,0.9027,69,,1.0
34089903,A790EEA2E079FB8EFD55B23693B99944,0,0,0,0,neodev,,,,,,,0,,1.0,0,1.0,
34092463,7936286,0,0,0,0,clixsense,,,,,,,0,,1.0,0,,1.0
34108036,6082105,0,0,0,0,clixsense,,,,,,,0,,1.0,0,1.0,
34114378,9EA9112FD35FA6B02C49F30A9F655560,0,0,0,0,neodev,,,,,,,0,,1.0,0,1.0,
34126175,82224,0,0,0,0,elite,,,,,,,0,,1.0,0,1.0,
34126284,21677E16CCA44136EBC9CC3502AAAE3A,0,0,0,0,neodev,,,,,,,0,,1.0,0,1.0,
34130555,7945829,5,3,5,0,clixsense,TUR,68,Ankara,85.104.110.68,,,0,,0.4,300,1.0,1.0
34135192,82345,0,0,0,0,elite,,,,,,,0,,1.0,0,1.0,
34137795,93F6E4BBEDC0A16B6B390050D52FDAD3,0,0,0,0,neodev,,,,,,,0,,1.0,0,1.0,
34144915,7952079,0,0,0,0,clixsense,,,,,,,0,,1.0,0,1.0,1.0
34147341,7952890,5,3,5,0,clixsense,TUR,68,Ankara,212.253.107.164,,,0,,0.4,0,,1.0
34148058,AFFC116679CDD00BEBC9CC3502AAAE3A,0,0,0,0,neodev,,,,,,,0,,1.0,0,1.0,
34151000,B0CB044A0BCDD752951EB4356D7835FF,0,0,0,0,neodev,,,,,,,0,,1.0,0,1.0,
34155466,82661,0,0,0,0,elite,,,,,,,0,,1.0,0,1.0,
34155914,7830708,0,0,0,0,clixsense,,,,,,,0,,1.0,0,1.0,
34184649,093CF830687C21D8CE3844F281772807,0,0,0,0,neodev,,,,,,,0,,1.0,0,1.0,
34187087,7963228,5,2,5,0,clixsense,TUR,34,Istanbul,94.54.254.133,,,0,,0.6,300,,1.0
34190040,7964418,5,2,5,0,clixsense,TUR,40,Kirsehir,78.176.11.156,,,0,,0.6,300,,1.0
34192278,8000000001277253673,0,0,0,0,superrewards,,,,,,,0,,1.0,0,1.0,
34199819,E7AEC26E020D652D3A7EF6E57C5562DE,0,0,0,0,neodev,,,,,,,0,,1.0,0,1.0,1.0
34204025,83419,0,0,0,0,elite,,,,,,,0,,1.0,0,1.0,
34204580,2247239,0,0,0,0,clixsense,,,,,,,0,,1.0,0,,1.0
34206491,7968708,5,5,5,0,clixsense,TUR,21,Diyarbakir,78.161.8.77,,,0,,0.0,0,,1.0
34207469,7969221,0,0,0,0,clixsense,,,,,,,0,,1.0,0,,
34212696,7970759,0,0,0,0,clixsense,,,,,,,0,,1.0,0,,1.0
34215856,1519771,0,0,0,0,tremorgames,,,,,,,0,,1.0,0,1.0,
34227739,7975352,0,0,0,0,clixsense,,,,,,,0,,1.0,0,1.0,
34233031,7977071,0,0,0,0,clixsense,,,,,,,0,,1.0,0,,1.0
34234552,526804319526A7144B7AEA85440565A3,0,0,0,0,neodev,,,,,,,0,,1.0,0,1.0,
34235874,dre,0,0,0,0,yute_jamaica,,,,,,,0,,1.0,0,1.0,
34236518,2FB8601ECE15FC105355075356E29B0C,0,0,0,0,neodev,,,,,,,0,,1.0,0,1.0,
34244196,0ED1191E21F29E76DEE40461DA32D81A,0,0,0,0,neodev,,,,,,,0,,1.0,0,1.0,
34244900,E73AF510FF5DE43530A97108728B0765,0,0,0,0,neodev,,,,,,,0,,1.0,0,1.0,
34244976,7980620,0,0,0,0,clixsense,,,,,,,0,,1.0,0,1.0,1.0
34250242,7974604,5,5,5,0,clixsense,TUR,34,Istanbul,95.65.153.42,,,0,,0.0,0,,1.0
34262640,7984797,0,0,0,0,clixsense,,,,,,,0,,1.0,0,1.0,
34282942,7990222,0,0,0,0,clixsense,,,,,,,0,,1.0,0,,1.0
34285286,7990948,0,0,0,0,clixsense,,,,,,,0,,1.0,0,1.0,
34293183,7993424,5,4,5,0,clixsense,TUR,21,Diyarbakir,37.155.151.208,,,0,,0.2,0,,1.0
34294328,7993647,0,0,0,0,clixsense,,,,,,,0,,1.0,0,,1.0
34302679,5EF8F2581C7CC37BDEE40461DA32D81A,0,0,0,0,neodev,,,,,,,0,,1.0,0,1.0,
34304716,752CEB22F53839EB99DD719F52F9B821,0,0,0,0,neodev,,,,,,,0,,1.0,0,1.0,
34307153,41BCC2B784B6C7C4BE88392C7C4AEDF0,0,0,0,0,neodev,,,,,,,0,,1.0,0,1.0,
34309395,7998327,0,0,0,0,clixsense,,,,,,,0,,1.0,0,1.0,1.0
34312269,7999103,0,0,0,0,clixsense,,,,,,,0,,1.0,0,1.0,
34325111,CA816682B5748128A72773646D413314,0,0,0,0,neodev,,,,,,,0,,1.0,0,,
34337852,B24FB04FC8ADD3DEB6CB1911CE467178,0,0,0,0,neodev,,,,,,,0,,1.0,0,1.0,1.0
34340162,8007955,0,0,0,0,clixsense,,,,,,,0,,1.0,0,1.0,
34343932,7812630,5,2,5,0,clixsense,TUR,34,Istanbul,85.100.162.91,,,0,,0.6,300,,1.0
34345295,85071,0,0,0,0,elite,,,,,,,0,,1.0,0,1.0,1.0
34346315,8009873,0,0,0,0,clixsense,,,,,,,0,,1.0,0,1.0,
34348904,85102,0,0,0,0,elite,,,,,,,0,,1.0,0,1.0,
34359652,85191,0,0,0,0,elite,,,,,,,0,,1.0,0,1.0,1.0
34367214,85274,0,0,0,0,elite,,,,,,,0,,1.0,0,1.0,
34371079,C5ED1F4674F2BCEAD4ACF736FDEB0260,0,0,0,0,neodev,,,,,,,0,,1.0,0,,1.0
34372831,8017792,0,0,0,0,clixsense,,,,,,,0,,1.0,0,1.0,1.0
34376948,8018677,0,0,0,0,clixsense,,,,,,,0,,1.0,0,1.0,
34386962,AA20E31F709809BBD484BCC6EFBF03F5,0,0,0,0,neodev,,,,,,,0,,1.0,0,1.0,
34387801,220FCC180BF44185494FC5F3416EDE71,0,0,0,0,neodev,,,,,,,0,,1.0,0,1.0,
34387868,fabian51,0,0,0,0,instagc,,,,,,,0,,1.0,0,1.0,
34396100,0F4CBC20B837DB66B2BF0A8E0CA6A523,0,0,0,0,neodev,,,,,,,0,,1.0,0,1.0,
34408198,8028952,0,0,0,0,clixsense,,,,,,,0,,1.0,0,1.0,
34411376,6FFD6418968886C18D7FCC5998E70925,5,4,5,0,neodev,TUR,81,Adana,195.174.64.217,,,0,,0.2,0,,1.0
34413935,8030540,0,0,0,0,clixsense,,,,,,,0,,1.0,0,1.0,
34415408,F769662DAC9A31EBBACEFE911F27E775,0,0,0,0,neodev,,,,,,,0,,1.0,0,1.0,
34421056,8032391,5,3,5,0,clixsense,TUR,68,Ankara,95.9.46.237,,,0,,0.4,300,,1.0
34422015,6FFD6418968886C1DEF77F94FE295A6E,5,1,5,0,neodev,TUR,34,Istanbul,212.154.52.52,,,0,,0.8,300,,1.0
34422652,8032364,0,0,0,0,clixsense,,,,,,,0,,1.0,0,,1.0
34422809,8033435,0,0,0,0,clixsense,,,,,,,0,,1.0,0,1.0,
34427116,8034843,0,0,0,0,clixsense,,,,,,,0,,1.0,0,,1.0
34427707,86059,0,0,0,0,elite,,,,,,,0,,1.0,0,1.0,
34429222,8035311,40,3,12,0,clixsense,TUR,55,Samsun,195.174.188.128,,,0,,0.75,42,,1.0
34431901,8036263,0,0,0,0,clixsense,,,,,,,0,,1.0,0,,1.0
34432217,C43C2D9323496CD1EEFE8AB986B65DBB,0,0,0,0,neodev,,,,,,,0,,1.0,0,1.0,
34434439,8037120,0,0,0,0,clixsense,,,,,,,0,,1.0,0,,1.0
34435455,E9F130425ED455D199DD719F52F9B821,0,0,0,0,neodev,,,,,,,0,,1.0,0,1.0,
34435848,FBB12D8F4F1BF182204CFC72B9696897,0,0,0,0,neodev,,,,,,,0,,1.0,0,1.0,
34436337,8037802,0,0,0,0,clixsense,,,,,,,0,,1.0,0,1.0,
34437208,8037919,0,0,0,0,clixsense,,,,,,,0,,1.0,0,,1.0
34439771,8038639,0,0,0,0,clixsense,,,,,,,0,,1.0,0,,1.0
34443633,8214978F72CF7F6D918922EDCDEE9BBA,0,0,0,0,neodev,,,,,,,0,,1.0,0,1.0,
34446692,A84E9E0F8B1D4E7FF9D662152EE91CFF,0,0,0,0,neodev,,,,,,,0,,1.0,0,1.0,
34447337,6F44EB5CF695BEBDB2BF0A8E0CA6A523,0,0,0,0,neodev,,,,,,,0,,1.0,0,1.0,
34450452,8041805,0,0,0,0,clixsense,,,,,,,0,,1.0,0,1.0,
34457785,38398BF0CA2896CE498878444F81137D,0,0,0,0,neodev,,,,,,,0,,1.0,0,,
34458914,86321,0,0,0,0,elite,,,,,,,0,,1.0,0,1.0,
34459668,8042584,0,0,0,0,clixsense,,,,,,,0,,1.0,0,,
34459777,8044981,5,2,5,0,clixsense,TUR,34,Istanbul,78.174.66.84,,,0,,0.6,300,,1.0
34460140,9D54EE7FAC8391AAC72447F05A7256A4,10,2,6,0,neodev,TUR,20,Denizli,212.252.99.131,,,0,,0.6667,300,1.0,1.0
34462115,6460802D0799C8D1646998E1CBB70BF7,0,0,0,0,neodev,,,,,,,0,,1.0,0,1.0,
34462593,8045842,0,0,0,0,clixsense,,,,,,,0,,1.0,0,1.0,
34467899,57143BB7E91A21DEBE88392C7C4AEDF0,0,0,0,0,neodev,,,,,,,0,,1.0,0,1.0,
34472370,86490,0,0,0,0,elite,,,,,,,0,,1.0,0,1.0,
34472690,86504,0,0,0,0,elite,,,,,,,0,,1.0,0,1.0,
34473303,18ADD6EB369B70FBDC1CF3E1D84EE58C,0,0,0,0,neodev,,,,,,,0,,1.0,0,1.0,
34477497,8030363,5,5,5,0,clixsense,TUR,"","",176.233.84.221,,,0,,0.0,0,,1.0
34483184,8051185,5,4,5,0,clixsense,TUR,68,Ankara,78.170.139.78,,,0,,0.2,300,,1.0
34483373,78B39B6F4938800907CFBA8CB897B0DC,0,0,0,0,neodev,,,,,,,0,,1.0,0,1.0,
34489572,3684442,0,0,0,0,clixsense,,,,,,,0,,1.0,0,1.0,
34497149,1555110,0,0,0,0,tremorgames,,,,,,,0,,1.0,0,1.0,
34498119,97FC9F38ADF3FACB1C4225EF31E8C1E3,0,0,0,0,neodev,,,,,,,0,,1.0,0,,1.0
34514253,A359F6B08EF763CBC338D6D1E28E12C0,0,0,0,0,neodev,,,,,,,0,,1.0,0,1.0,
34514467,0C5403D3A24B0658494FC5F3416EDE71,5,2,4,1,neodev,TUR,34,Istanbul,78.184.163.106,,,0,,0.5,0,,1.0
34514578,8061982,0,0,0,0,clixsense,,,,,,,0,,1.0,0,1.0,1.0
34529926,8067099,0,0,0,0,clixsense,,,,,,,0,,1.0,0,1.0,
34531601,8066548,0,0,0,0,clixsense,,,,,,,0,,1.0,0,1.0,
34541196,8070681,0,0,0,0,clixsense,,,,,,,0,,1.0,0,1.0,
34556315,B88F60758D1A4577E0F410E778370DBC,0,0,0,0,neodev,,,,,,,0,,1.0,0,1.0,
34558529,C164HFTS0I,5,4,5,0,hiving,TUR,"","",78.168.105.94,,,0,,0.2,300,,
34558771,7547D937CBFD4FC5EEFE8AB986B65DBB,0,0,0,0,neodev,,,,,,,0,,1.0,0,1.0,
34566001,87439,0,0,0,0,elite,,,,,,,0,,1.0,0,1.0,
34571219,B5755DDAD66E955F1469C240903A77DC,0,0,0,0,neodev,,,,,,,0,,1.0,0,1.0,
34576085,8082196,0,0,0,0,clixsense,,,,,,,0,,1.0,0,1.0,1.0
34577550,8081526,0,0,0,0,clixsense,,,,,,,0,,1.0,0,1.0,
34583284,8084621,0,0,0,0,clixsense,,,,,,,0,,1.0,0,,1.0
34588163,918DE67030A8D72AB61ED642EC5D9C7B,0,0,0,0,neodev,,,,,,,0,,1.0,0,1.0,
34588272,8086149,0,0,0,0,clixsense,,,,,,,0,,1.0,0,1.0,
34592006,8038564,0,0,0,0,clixsense,,,,,,,0,,1.0,0,1.0,
34593862,6981968,0,0,0,0,clixsense,,,,,,,0,,1.0,0,1.0,
34596983,8089249,5,3,5,0,clixsense,TUR,09,Aydin,88.246.21.131,,,0,,0.4,300,,1.0
34597235,7799243,0,0,0,0,clixsense,,,,,,,0,,1.0,0,1.0,
34600589,8090542,0,0,0,0,clixsense,,,,,,,0,,1.0,0,1.0,
34601158,BF831B520BE7B7F36BDCD589D6BB8CA1,0,0,0,0,neodev,,,,,,,0,,1.0,0,1.0,
34602625,B7YO6NXPN3,0,0,0,0,hiving,,,,,,,0,,1.0,0,1.0,
34616312,D909609B1E068939DEF77F94FE295A6E,0,0,0,0,neodev,,,,,,,0,,1.0,0,1.0,
34617121,01FC9F484B419F6ADEE40461DA32D81A,0,0,0,0,neodev,,,,,,,0,,1.0,0,1.0,
34619087,8096800,0,0,0,0,clixsense,,,,,,,0,,1.0,0,1.0,
34620876,8097079,0,0,0,0,clixsense,,,,,,,0,,1.0,0,1.0,
34627730,2374932,0,0,0,0,clixsense,,,,,,,0,,1.0,0,1.0,
34632767,8101248,0,0,0,0,clixsense,,,,,,,0,,1.0,0,1.0,
34636258,8102630,0,0,0,0,clixsense,,,,,,,0,,1.0,0,1.0,
34637742,88136,0,0,0,0,elite,,,,,,,0,,1.0,0,1.0,1.0
34639204,88159,5,3,5,0,elite,TUR,34,Istanbul,212.253.112.31,,,0,,0.4,300,1.0,1.0
34647637,8106829,0,0,0,0,clixsense,,,,,,,0,,1.0,0,1.0,
34647983,8106948,0,0,0,0,clixsense,,,,,,,0,,1.0,0,1.0,1.0
34659631,8088778,0,0,0,0,clixsense,,,,,,,0,,1.0,0,,1.0
34660009,8111565,0,0,0,0,clixsense,,,,,,,0,,1.0,0,1.0,
34660173,88418,0,0,0,0,elite,,,,,,,0,,1.0,0,1.0,
34666757,CC0B152DA26C0F2D6E334AF42C1D2A3F,0,0,0,0,neodev,,,,,,,0,,1.0,0,,
34668665,458AF0F067676FE95355075356E29B0C,0,0,0,0,neodev,,,,,,,0,,1.0,0,1.0,
34673726,8112886,0,0,0,0,clixsense,,,,,,,0,,1.0,0,1.0,
34674385,88598,0,0,0,0,elite,,,,,,,0,,1.0,0,1.0,
34675666,8117175,5,2,5,0,clixsense,TUR,"","",212.174.173.76,,,0,,0.6,300,,1.0
34676403,88625,0,0,0,0,elite,,,,,,,0,,1.0,0,1.0,
34676495,88630,0,0,0,0,elite,,,,,,,0,,1.0,0,1.0,
34677693,8117973,0,0,0,0,clixsense,,,,,,,0,,1.0,0,1.0,
34678898,8118494,0,0,0,0,clixsense,,,,,,,0,,1.0,0,1.0,
34686939,8121341,0,0,0,0,clixsense,,,,,,,0,,1.0,0,1.0,
34689758,88794,0,0,0,0,elite,,,,,,,0,,1.0,0,1.0,
34690679,356F26C8170B51D6544E98A5532E411B,0,0,0,0,neodev,,,,,,,0,,1.0,0,1.0,
34691031,356F26C8170B51D6AA86FF6CD252D13D,0,0,0,0,neodev,,,,,,,0,,1.0,0,1.0,
34692791,88852,0,0,0,0,elite,,,,,,,0,,1.0,0,1.0,1.0
34695698,8124004,0,0,0,0,clixsense,,,,,,,0,,1.0,0,1.0,
34701461,2E9BA5B3A136F825D4ACF736FDEB0260,0,0,0,0,neodev,,,,,,,0,,1.0,0,1.0,
34701621,C2F6D377EED4C44616C8E61001D64B85,0,0,0,0,neodev,,,,,,,0,,1.0,0,1.0,
34709851,8126897,25,0,9,0,clixsense,TUR,34,Istanbul,176.232.8.234,,,0,,1.0,13,,1.0
34710309,8128934,5,4,5,0,clixsense,TUR,35,Izmir,188.57.36.50,,,0,,0.2,300,,1.0
34712697,89034,0,0,0,0,elite,,,,,,,0,,1.0,0,1.0,
34716911,C0712CC8376E9B5B951EB4356D7835FF,0,0,0,0,neodev,,,,,,,0,,1.0,0,1.0,
34719236,269B955F2FA710C9BC6DC3AAB9FA15F9,0,0,0,0,neodev,,,,,,,0,,1.0,0,1.0,
34719550,B9B5E185E1DB70BF18E09C610F0867AA,0,0,0,0,neodev,,,,,,,0,,1.0,0,1.0,
34721083,8132262,0,0,0,0,clixsense,,,,,,,0,,1.0,0,,1.0
34721484,8132473,5,3,5,0,clixsense,TUR,68,Ankara,85.99.99.250,,,0,,0.4,300,,1.0
34722242,8132329,0,0,0,0,clixsense,,,,,,,0,,1.0,0,,1.0
34722447,D86B3CEC5157A1F55A177E0B4883CD7E,0,0,0,0,neodev,,,,,,,0,,1.0,0,1.0,
34722610,8133058,90,3,22,0,clixsense,TUR,16,Bursa,195.214.175.99,,,0,,0.8636,15,1.0,1.0
34727579,6E76012F885FAF996E334AF42C1D2A3F,0,0,0,0,neodev,,,,,,,0,,1.0,0,1.0,
34733001,8136434,0,0,0,0,clixsense,,,,,,,0,,1.0,0,,1.0
34733645,89280,0,0,0,0,elite,,,,,,,0,,1.0,0,1.0,
34734079,2CB9348E6201318D494FC5F3416EDE71,5,5,5,0,neodev,DNK,19,HjÃ¸rring,193.88.102.113,,,0,,0.0,0,1.0,
34739502,8139018,5,3,5,0,clixsense,TUR,26,Eskisehir,159.146.94.220,,,0,,0.4,0,,1.0
34740996,388850,0,0,0,0,gifthunterclub,,,,,,,0,,1.0,0,1.0,
34742664,8139711,5,5,5,0,clixsense,TUR,34,Istanbul,176.216.33.156,,,0,,0.0,300,,1.0
34744356,8140268,0,0,0,0,clixsense,,,,,,,0,,1.0,0,,
34744709,89446,0,0,0,0,elite,,,,,,,0,,1.0,0,1.0,
34750598,8142882,5,2,5,0,clixsense,TUR,34,Istanbul,78.171.227.20,,,0,,0.6,0,,1.0
34756012,8144109,0,0,0,0,clixsense,,,,,,,0,,1.0,0,,
34759221,8145842,5,3,5,0,clixsense,TUR,"","",212.156.78.150,,,0,,0.4,0,,
34762743,89843,0,0,0,0,elite,,,,,,,0,,1.0,0,,1.0
34764147,8147560,5,3,5,0,clixsense,TUR,68,Ankara,176.40.1.140,,,0,,0.4,0,1.0,
34764189,25A6326E0871A6B6498878444F81137D,0,0,0,0,neodev,,,,,,,0,,1.0,0,1.0,
34764495,8147327,0,0,0,0,clixsense,,,,,,,0,,1.0,0,,1.0
34765173,8147854,5,4,5,0,clixsense,TUR,34,Istanbul,85.101.123.77,,,0,,0.2,300,,1.0
34766448,390276,0,0,0,0,gifthunterclub,,,,,,,0,,1.0,0,1.0,
34772516,8150711,5,4,5,0,clixsense,TUR,38,Kayseri,88.252.82.245,,,0,,0.2,300,,1.0
34772673,C0873836EDFEEF4B1C4225EF31E8C1E3,0,0,0,0,neodev,,,,,,,0,,1.0,0,1.0,
34774829,Aleknalle,0,0,0,0,instagc,,,,,,,0,,1.0,0,1.0,
34779526,90139,0,0,0,0,elite,,,,,,,0,,1.0,0,1.0,
34779866,4CBE78BE6311482DBE2CB08758655D00,0,0,0,0,neodev,,,,,,,0,,1.0,0,1.0,
34788729,ashleyleigh83,0,0,0,0,instagc,,,,,,,0,,1.0,0,1.0,
34789597,EB7D6A6D4EEFBDA8E072395DC2023399,0,0,0,0,neodev,,,,,,,0,,1.0,0,1.0,
34790790,8156118,5,3,5,0,clixsense,TUR,16,Bursa,31.223.55.193,,,0,,0.4,0,,1.0
34792627,8157070,0,0,0,0,clixsense,,,,,,,0,,1.0,0,1.0,
34797848,xristinaaa1989,0,0,0,0,instagc,,,,,,,0,,1.0,0,1.0,
34805760,8161343,0,0,0,0,clixsense,,,,,,,0,,1.0,0,1.0,
34806888,A9C021C5C370EADF2C49F30A9F655560,0,0,0,0,neodev,,,,,,,0,,1.0,0,1.0,
34812439,8163794,0,0,0,0,clixsense,,,,,,,0,,1.0,0,1.0,1.0
34812570,8162388,5,3,5,0,clixsense,TUR,68,Ankara,212.174.248.48,,,0,,0.4,0,,1.0
34819971,8166273,20,0,7,1,clixsense,TUR,34,Istanbul,88.233.175.88,,,0,,1.0,300,,1.0
34825545,8168080,5,2,5,0,clixsense,TUR,34,Istanbul,194.29.214.248,,,0,,0.6,300,1.0,1.0
34825652,8168226,5,2,5,0,clixsense,TUR,34,Istanbul,78.173.69.21,,,0,,0.6,300,,1.0
34827111,7EACE32E2D65824C09E38BFE45BE9CBD,0,0,0,0,neodev,,,,,,,0,,1.0,0,1.0,
34827464,8168669,0,0,0,0,clixsense,,,,,,,0,,1.0,0,1.0,
34830910,8170011,5,2,5,0,clixsense,TUR,35,Bogazici,193.140.214.120,,,0,,0.6,300,,1.0
34833186,91009,0,0,0,0,elite,,,,,,,0,,1.0,0,1.0,
34834983,733CDEC1E4EB1BA7EEFE8AB986B65DBB,0,0,0,0,neodev,,,,,,,0,,1.0,0,1.0,
34837948,91064,0,0,0,0,elite,,,,,,,0,,1.0,0,1.0,
34840102,2C722B0031AEF2BD64EA4109F71985C3,0,0,0,0,neodev,,,,,,,0,,1.0,0,1.0,
34846320,01CB6FDE063E661F78DA480E7D9ACC4E,0,0,0,0,neodev,,,,,,,0,,1.0,0,,
34853168,8177401,5,5,5,0,clixsense,TUR,16,Bursa,94.55.243.225,,,0,,0.0,0,,1.0
34855539,18CDB21EF32D44AFE072395DC2023399,0,0,0,0,neodev,,,,,,,0,,1.0,0,,1.0
34856130,8178661,25,2,9,0,clixsense,TUR,55,Samsun,88.232.2.65,,,0,,0.7778,10,,1.0
34859897,8180076,3500,78,698,5,clixsense,TUR,43,KÃ¼tahya,88.245.170.207,,,0,,0.8883,145,1.0,1.0
34861535,128D37207021BFCE472838DCC118E03B,0,0,0,0,neodev,,,,,,,0,,1.0,0,1.0,
34862439,8180748,0,0,0,0,clixsense,,,,,,,0,,1.0,0,1.0,
34864030,8181192,0,0,0,0,clixsense,,,,,,,0,,1.0,0,1.0,1.0
34864151,91444,0,0,0,0,elite,,,,,,,0,,1.0,0,1.0,
34867195,299A3FB6F2EEEAC3EBC9CC3502AAAE3A,0,0,0,0,neodev,,,,,,,0,,1.0,0,1.0,
34870526,8182900,5,2,5,0,clixsense,TUR,34,Esenyurt,178.233.134.130,,,0,,0.6,0,,1.0
34871293,092640DFF8333A6B13B45070835AF903,0,0,0,0,neodev,,,,,,,0,,1.0,0,1.0,
34874003,8184453,0,0,0,0,clixsense,,,,,,,0,,1.0,0,1.0,
34880980,91636,0,0,0,0,elite,,,,,,,0,,1.0,0,1.0,
34882911,otaviobergamini,0,0,0,0,instagc,,,,,,,0,,1.0,0,1.0,
34893688,8190804,0,0,0,0,clixsense,,,,,,,0,,1.0,0,1.0,1.0
34893812,8116788,5,1,4,0,clixsense,TUR,26,Eskisehir,78.163.13.224,,,0,,0.75,300,,1.0
34897364,91829,0,0,0,0,elite,,,,,,,0,,1.0,0,1.0,
34898119,8192500,0,0,0,0,clixsense,,,,,,,0,,1.0,0,1.0,
34899102,8E8D08246E3C771D4871439227C458B1,0,0,0,0,neodev,,,,,,,0,,1.0,0,1.0,
34907179,8195394,5,2,5,0,clixsense,TUR,34,Istanbul,78.184.89.240,,,0,,0.6,0,1.0,1.0
34908222,8195673,5,3,5,0,clixsense,TUR,34,Istanbul,95.6.66.72,,,0,,0.4,0,,1.0
34913746,8197625,0,0,0,0,clixsense,,,,,,,0,,1.0,0,1.0,
34918384,8199386,0,0,0,0,clixsense,,,,,,,0,,1.0,0,1.0,1.0
34919429,8195590,125,9,29,0,clixsense,TUR,38,Kayseri,88.252.83.58,,,0,,0.6897,23,,1.0
34919491,8199752,0,0,0,0,clixsense,,,,,,,0,,1.0,0,1.0,
34919681,8199975,0,0,0,0,clixsense,,,,,,,0,,1.0,0,1.0,1.0
34925265,8199451,5,4,5,0,clixsense,TUR,07,Antalya,95.70.235.203,,12/31/2015 09:11:15,0,,0.2,300,,
34925912,8202115,0,0,0,0,clixsense,,,,,,,0,,1.0,0,,1.0
34928131,869C83EDEE82996013B45070835AF903,0,0,0,0,neodev,,,,,,,0,,1.0,0,1.0,
34928716,8202879,0,0,0,0,clixsense,,,,,,,0,,1.0,0,,
34934509,89EFBC180D09714587D9602DE7E4D81B,0,0,0,0,neodev,,,,,,,0,,1.0,0,1.0,
34935983,8205658,0,0,0,0,clixsense,,,,,,,0,,1.0,0,,1.0
34937431,D0BAC97473C35287BE88392C7C4AEDF0,0,0,0,0,neodev,,,,,,,0,,1.0,0,1.0,
34937603,153213EC26BD60D1B111F2FF000D7505,0,0,0,0,neodev,,,,,,,0,,1.0,0,1.0,
34946066,8208866,0,0,0,0,clixsense,,,,,,,0,,1.0,0,,1.0
34953286,8211201,10,2,6,0,clixsense,TUR,34,Istanbul,78.188.216.175,,,0,,0.6667,300,1.0,1.0
34953360,25793E708442856E73E05796892CA53D,0,0,0,0,neodev,,,,,,,0,,1.0,0,1.0,
34962026,8197788,0,0,0,0,clixsense,,,,,,,0,,1.0,0,1.0,
34962743,8214296,0,0,0,0,clixsense,,,,,,,0,,1.0,0,,1.0
34965899,43101572C710FE4DB6CB1911CE467178,0,0,0,0,neodev,,,,,,,0,,1.0,0,1.0,
34968519,2CB9348E6201318DF9D662152EE91CFF,5,2,5,0,neodev,TUR,34,Istanbul,176.232.161.122,,,0,,0.6,0,,1.0
34969018,C81A00600FCC5F85204CFC72B9696897,0,0,0,0,neodev,,,,,,,0,,1.0,0,,1.0
34970178,D67FFFD72A4F78F7EEFE8AB986B65DBB,0,0,0,0,neodev,,,,,,,0,,1.0,0,1.0,
34977878,8219048,0,0,0,0,clixsense,,,,,,,0,,1.0,0,1.0,
34979142,8216582,0,0,0,0,clixsense,,,,,,,0,,1.0,0,,1.0
34981465,8220708,785,41,161,0,clixsense,TUR,34,Istanbul,5.47.249.243,,,0,,0.7453,33,,1.0
34984980,00FCB5E70EE8EBF8494FC5F3416EDE71,0,0,0,0,neodev,,,,,,,0,,1.0,0,1.0,
34985255,0C56626F647A5D3E3C3F520A53732EBF,0,0,0,0,neodev,,,,,,,0,,1.0,0,1.0,
34985385,45EF10EC1516E74EDEC62BDF2B4C9E80,0,0,0,0,neodev,,,,,,,0,,1.0,0,1.0,
34993173,8225161,0,0,0,0,clixsense,,,,,,,0,,1.0,0,1.0,1.0
34993534,92915,0,0,0,0,elite,,,,,,,0,,1.0,0,1.0,
34996849,18A6D35C8F508A54A72773646D413314,0,0,0,0,neodev,,,,,,,0,,1.0,0,1.0,
35002805,4F7EF4F33ACC1A24F063FCF4079B2070,0,0,0,0,neodev,,,,,,,0,,1.0,0,1.0,
35004063,8229079,0,0,0,0,clixsense,,,,,,,0,,1.0,0,1.0,
35004304,8229096,5,4,5,0,clixsense,TUR,34,Istanbul,85.96.63.29,,,0,,0.2,0,1.0,1.0
35005613,8229828,5,3,5,0,clixsense,TUR,81,Adana,95.9.64.222,,,0,,0.4,0,,1.0
35008262,1CD63F82022E47B6498878444F81137D,0,0,0,0,neodev,,,,,,,0,,1.0,0,1.0,
35009306,PQ17XPPDO3,0,0,0,0,hiving,,,,,,,0,,1.0,0,,1.0
35009846,C6ACFDF0C5AD2048494FC5F3416EDE71,0,0,0,0,neodev,,,,,,,0,,1.0,0,1.0,
35012070,8232256,5,4,5,0,clixsense,TUR,34,Istanbul,212.252.164.72,,,0,,0.2,300,,1.0
35018297,94FFED391C4845C7B54F3332206396E9,5,2,5,0,neodev,TUR,63,Kara,193.140.36.253,,,0,,0.6,0,1.0,1.0
35019950,8235125,0,0,0,0,clixsense,,,,,,,0,,1.0,0,,1.0
35022225,8235854,5,2,5,0,clixsense,TUR,63,Sanliurfa,95.15.45.28,,,0,,0.6,0,,1.0
35030354,8238798,0,0,0,0,clixsense,,,,,,,0,,1.0,0,,1.0
35032187,8239558,5,3,5,0,clixsense,TUR,10,Balikesir,88.241.190.9,,,0,,0.4,0,,1.0
35035312,11F081044CC9BFE4951EB4356D7835FF,0,0,0,0,neodev,,,,,,,0,,1.0,0,,1.0
35035484,8240804,0,0,0,0,clixsense,,,,,,,0,,1.0,0,1.0,
35035551,8232788,0,0,0,0,clixsense,,,,,,,0,,1.0,0,1.0,
35039517,622A60B6D470F0E4DEE40461DA32D81A,0,0,0,0,neodev,,,,,,,0,,1.0,0,1.0,
35043167,8243505,5,4,5,0,clixsense,TUR,17,Ã‡anakkale,78.178.135.215,,,0,,0.2,300,,1.0
35043680,8243733,5,3,5,0,clixsense,TUR,34,Istanbul,78.176.193.113,,,0,,0.4,0,,1.0
35046450,7318FBBB3BBA824216C8E61001D64B85,0,0,0,0,neodev,,,,,,,0,,1.0,0,,
35055075,8247456,5,3,5,0,clixsense,TUR,34,Istanbul,176.43.179.192,,,0,,0.4,300,,1.0
35055229,8247559,0,0,0,0,clixsense,,,,,,,0,,1.0,0,1.0,1.0
35056220,F8B0C770E99BC2D78D7FCC5998E70925,0,0,0,0,neodev,,,,,,,0,,1.0,0,1.0,
35067490,8243699,0,0,0,0,clixsense,,,,,,,0,,1.0,0,,1.0
35067642,8251846,5,3,5,0,clixsense,TUR,35,Izmir,188.57.36.50,,,0,,0.4,0,,1.0
35071749,cf5abfdbafa413d2f9353b1de0aa98b25876a2d1,5,4,5,0,coinworker,TUR,68,Ankara,178.233.141.244,,,0,,0.2,0,,1.0
35081362,19844AB8CF1AABAD0CAD5F2CDE485D23,135,4,31,0,neodev,TUR,"","",31.206.119.96,,,0,,0.871,30,,1.0
35082614,8244947,5,3,5,0,clixsense,TUR,17,Ã‡anakkale,78.178.172.195,,,0,,0.4,0,,1.0
35082923,8257109,0,0,0,0,clixsense,,,,,,,0,,1.0,0,1.0,
35084164,8256784,0,0,0,0,clixsense,,,,,,,0,,1.0,0,1.0,
35087341,0F84511B29C4AF88890DB111AF121511,0,0,0,0,neodev,,,,,,,0,,1.0,0,1.0,
35093827,8260352,260,3,56,0,clixsense,TUR,34,Istanbul,88.243.183.105,,,0,,0.9464,26,,1.0
35103509,ACE40DB7A4B44878B61ED642EC5D9C7B,0,0,0,0,neodev,,,,,,,0,,1.0,0,,1.0
35109898,94EC6F991B1650BC8D7FCC5998E70925,0,0,0,0,neodev,,,,,,,0,,1.0,0,1.0,
35110015,8267082,0,0,0,0,clixsense,,,,,,,0,,1.0,0,1.0,
35112176,8267357,50,1,14,0,clixsense,TUR,34,Istanbul,46.196.26.172,,,0,,0.9286,300,1.0,1.0
35112605,8E4AFED8C4CC532387D9602DE7E4D81B,0,0,0,0,neodev,,,,,,,0,,1.0,0,1.0,
35118894,8269751,5,4,5,0,clixsense,TUR,34,Istanbul,88.245.243.91,,,0,,0.2,300,,1.0
35120301,8270168,0,0,0,0,clixsense,,,,,,,0,,1.0,0,1.0,
35122844,8240958,0,0,0,0,clixsense,,,,,,,0,,1.0,0,1.0,
35124929,94474,0,0,0,0,elite,,,,,,,0,,1.0,0,1.0,
35132203,4753285,45,3,13,0,clixsense,TUR,07,Antalya,78.164.63.98,,,0,,0.7692,34,,1.0
35134513,083D418CD73338C21C4225EF31E8C1E3,0,0,0,0,neodev,,,,,,,0,,1.0,0,1.0,
35136079,8275393,5,3,5,0,clixsense,TUR,81,Adana,85.99.148.96,,,0,,0.4,0,,1.0
35139871,1629112,0,0,0,0,tremorgames,,,,,,,0,,1.0,0,1.0,
35140987,8276509,0,0,0,0,clixsense,,,,,,,0,,1.0,0,1.0,
35142674,77672,0,0,0,0,elite,,,,,,,0,,1.0,0,1.0,
35145081,8277930,0,0,0,0,clixsense,,,,,,,0,,1.0,0,,
35146677,94714,0,0,0,0,elite,,,,,,,0,,1.0,0,1.0,
35148299,94733,0,0,0,0,elite,,,,,,,0,,1.0,0,1.0,
35151320,8279638,0,0,0,0,clixsense,,,,,,,0,,1.0,0,,1.0
35157880,94822,5,3,5,0,elite,TUR,61,Trabzon,78.190.35.93,,,0,,0.4,300,,1.0
35170334,94998,0,0,0,0,elite,,,,,,,0,,1.0,0,1.0,
35171832,8286775,0,0,0,0,clixsense,,,,,,,0,,1.0,0,1.0,
35171864,9de5f522cd154c8868075d1c67d1ffa7b32d644a,0,0,0,0,wannads,,,,,,,0,,1.0,0,1.0,
35175703,4D726C0B4903FC660838C9B4A7C5B92A,0,0,0,0,neodev,,,,,,,0,,1.0,0,1.0,1.0
35183193,95155,0,0,0,0,elite,,,,,,,0,,1.0,0,1.0,
35183998,F7456C20895D8E36DEC62BDF2B4C9E80,0,0,0,0,neodev,,,,,,,0,,1.0,0,1.0,
35184683,8290088,5,5,5,0,clixsense,TUR,35,Izmir,88.245.12.151,,,0,,0.0,0,,1.0
35188541,0F04E4F6F2BDA05E3A7EF6E57C5562DE,0,0,0,0,neodev,,,,,,,0,,1.0,0,1.0,
35191038,8292775,0,0,0,0,clixsense,,,,,,,0,,1.0,0,,1.0
35196247,8294429,0,0,0,0,clixsense,,,,,,,0,,1.0,0,,1.0
35197281,8294938,0,0,0,0,clixsense,,,,,,,0,,1.0,0,,1.0
35202252,8296417,5,3,5,0,clixsense,TUR,34,Istanbul,88.251.106.147,,,0,,0.4,0,,1.0
35210492,4650393EC15AAE4BF0151B03A5AFE764,0,0,0,0,neodev,,,,,,,0,,1.0,0,,
35215303,8300973,0,0,0,0,clixsense,,,,,,,0,,1.0,0,1.0,
35215767,95443,0,0,0,0,elite,,,,,,,0,,1.0,0,1.0,
35216012,D64E204698BF2905204CFC72B9696897,0,0,0,0,neodev,,,,,,,0,,1.0,0,1.0,
35216116,8301103,0,0,0,0,clixsense,,,,,,,0,,1.0,0,1.0,
35217460,E0072A4D1CE18597D484BCC6EFBF03F5,0,0,0,0,neodev,,,,,,,0,,1.0,0,1.0,
35220048,1B22FD120FD94690FD55B23693B99944,0,0,0,0,neodev,,,,,,,0,,1.0,0,1.0,
35222064,8302940,0,0,0,0,clixsense,,,,,,,0,,1.0,0,,1.0
35223854,8303628,5,3,5,0,clixsense,TUR,07,Antalya,37.155.1.240,,,0,,0.4,300,,1.0
35230213,8305335,0,0,0,0,clixsense,,,,,,,0,,1.0,0,,1.0
35235522,8303115,0,0,0,0,clixsense,,,,,,,0,,1.0,0,1.0,
35237502,8308080,5,2,5,0,clixsense,TUR,35,Izmir,5.47.63.190,,,0,,0.6,0,,1.0
35239368,8308591,0,0,0,0,clixsense,,,,,,,0,,1.0,0,,1.0
35241705,8C920B24B5076F76F063FCF4079B2070,0,0,0,0,neodev,,,,,,,0,,1.0,0,1.0,
35241748,8309127,45,4,13,0,clixsense,TUR,35,Izmir,176.42.193.42,,,0,,0.6923,300,,1.0
35245934,8310641,5,4,5,0,clixsense,TUR,34,Istanbul,212.253.128.33,,,0,,0.2,300,1.0,1.0
35248803,8311764,5,3,5,0,clixsense,TUR,54,Sakarya,88.242.245.41,,,0,,0.4,300,,1.0
35249856,GXC2Q9IGPI,0,0,0,0,hiving,,,,,,,0,,1.0,0,1.0,1.0
35251199,8309093,5,5,5,0,clixsense,TUR,34,Istanbul,88.240.0.44,,,0,,0.0,300,,1.0
35252546,8311779,5,5,5,0,clixsense,TUR,68,Ankara,88.230.196.221,,,0,,0.0,300,,
35261940,8234509,0,0,0,0,clixsense,,,,,,,0,,1.0,0,1.0,
35266130,8317847,0,0,0,0,clixsense,,,,,,,0,,1.0,0,,1.0
35266649,8318040,0,0,0,0,clixsense,,,,,,,0,,1.0,0,1.0,
35279268,8321530,5,2,5,0,clixsense,TUR,20,Denizli,24.133.37.70,,,0,,0.6,300,,1.0
35280576,96352,0,0,0,0,elite,,,,,,,0,,1.0,0,1.0,
35283212,F0F074C60C5A069C3C3F520A53732EBF,0,0,0,0,neodev,,,,,,,0,,1.0,0,1.0,
35286681,847D4DB260C58A50C338D6D1E28E12C0,20,3,8,0,neodev,TUR,68,Ankara,176.40.150.232,,,0,,0.625,300,,1.0
35287237,96508,0,0,0,0,elite,,,,,,,0,,1.0,0,1.0,
35292011,95693,25,3,9,0,elite,TUR,68,Ankara,144.122.140.252,,,0,,0.6667,50,,1.0
35297567,8329585,10,1,6,0,clixsense,TUR,"","",95.142.140.105,,,0,,0.8333,300,,1.0
35298992,8330096,5,2,5,0,clixsense,TUR,03,Afyonkarahisar,85.106.146.225,,,0,,0.6,300,,1.0
35304054,8331843,0,0,0,0,clixsense,,,,,,,0,,1.0,0,1.0,
35306134,8332072,0,0,0,0,clixsense,,,,,,,0,,1.0,0,,
35309095,4BCF0B51AA699377E0643075F37BEF58,0,0,0,0,neodev,,,,,,,0,,1.0,0,1.0,
35314290,8335583,10,2,6,0,clixsense,TUR,"","",95.14.225.198,,,0,,0.6667,300,,1.0
35315015,8335671,5,4,5,0,clixsense,TUR,17,Ã‡anakkale,78.190.78.27,,,0,,0.2,0,,1.0
35315656,6992703,5,3,5,0,clixsense,TUR,35,Izmir,95.15.163.42,,,0,,0.4,300,,1.0
35316187,4033511F90E41DB0D73D67AA042E19A6,0,0,0,0,neodev,,,,,,,0,,1.0,0,1.0,
35316696,8335445,0,0,0,0,clixsense,,,,,,,0,,1.0,0,1.0,
35321035,8337440,5,2,5,0,clixsense,TUR,34,Istanbul,178.233.18.151,,,0,,0.6,0,,1.0
35323843,42F18DDF01E3A4AD4B7AEA85440565A3,0,0,0,0,neodev,,,,,,,0,,1.0,0,,1.0
35325145,8FE8E50588910C4ABE5B53C0735AAA92,0,0,0,0,neodev,,,,,,,0,,1.0,0,,1.0
35325507,8339108,10,2,6,0,clixsense,TUR,35,Izmir,46.197.141.163,,,0,,0.6667,300,,1.0
35330485,8340349,0,0,0,0,clixsense,,,,,,,0,,1.0,0,1.0,
35330825,734BA743F479E92C8D7FCC5998E70925,0,0,0,0,neodev,,,,,,,0,,1.0,0,1.0,
35335290,8333554,0,0,0,0,clixsense,,,,,,,0,,1.0,0,,1.0
35338175,8343491,0,0,0,0,clixsense,,,,,,,0,,1.0,0,1.0,
35342840,8345344,0,0,0,0,clixsense,,,,,,,0,,1.0,0,,1.0
35342951,8345369,0,0,0,0,clixsense,,,,,,,0,,1.0,0,,1.0
35344996,0E7F76622F070BC8DEE40461DA32D81A,0,0,0,0,neodev,,,,,,,0,,1.0,0,1.0,
35349711,97660,0,0,0,0,elite,,,,,,,0,,1.0,0,1.0,
35351406,4977F6285C858F60D4ACF736FDEB0260,0,0,0,0,neodev,,,,,,,0,,1.0,0,1.0,
35351936,8348728,590,24,121,1,clixsense,TUR,68,Ankara,31.200.14.137,,,0,,0.8017,129,1.0,1.0
35353215,0EE650F6EE747BE20CAD5F2CDE485D23,0,0,0,0,neodev,,,,,,,0,,1.0,0,1.0,
35354888,8349562,5,3,5,0,clixsense,TUR,34,ArnavutkÃ¶y,212.174.162.80,,,0,,0.4,300,,1.0
35354906,8349444,0,0,0,0,clixsense,,,,,,,0,,1.0,0,1.0,
35358532,8350470,5,4,5,0,clixsense,TUR,20,Denizli,78.189.72.153,,,0,,0.2,300,1.0,1.0
35362534,8349572,50,0,13,1,clixsense,TUR,34,Istanbul,178.240.181.110,,,0,,1.0,300,,1.0
35363856,8352808,5,3,5,0,clixsense,TUR,35,Izmir,88.238.9.106,,,0,,0.4,300,,1.0
35365354,8353270,5,2,5,0,clixsense,TUR,54,Sakarya,81.215.18.169,,,0,,0.6,0,1.0,1.0
35372204,99ABA8C8A38FB3BE274850ECB9537659,0,0,0,0,neodev,,,,,,,0,,1.0,0,1.0,
35376607,8357494,0,0,0,0,clixsense,,,,,,,0,,1.0,0,1.0,1.0
35378194,8354506,5,2,5,0,clixsense,TUR,35,Izmir,88.245.1.173,,,0,,0.6,300,,1.0
35378799,8350120,10,2,6,0,clixsense,TUR,20,Denizli,88.251.2.204,,,0,,0.6667,300,,1.0
35380085,8359162,5,3,5,0,clixsense,TUR,35,Izmir,82.222.64.71,,,0,,0.4,0,1.0,1.0
35381140,8359443,45,4,13,0,clixsense,TUR,34,Istanbul,5.47.224.62,,,0,,0.6923,300,1.0,1.0
35382834,8359820,0,0,0,0,clixsense,,,,,,,0,,1.0,0,1.0,
35386595,8361299,80,2,20,0,clixsense,TUR,"","",5.46.9.111,,,0,,0.9,84,,1.0
35388790,8362267,5,3,5,0,clixsense,TUR,72,Mardin,88.252.178.158,,,0,,0.4,0,,1.0
35394287,8363871,0,0,0,0,clixsense,,,,,,,0,,1.0,0,1.0,
35399644,DC7352281CAC060687D9602DE7E4D81B,0,0,0,0,neodev,,,,,,,0,,1.0,0,1.0,
35404295,8367264,35,4,11,0,clixsense,TUR,35,Izmir,82.222.64.71,,,0,,0.6364,300,,1.0
35404820,8366414,5,1,5,0,clixsense,TUR,34,Istanbul,178.233.2.187,,,0,,0.8,0,1.0,1.0
35408758,F46F4B159632FB5D0190D045FA0FE982,0,0,0,0,neodev,,,,,,,0,,1.0,0,1.0,
35409058,8350146,5,4,5,0,clixsense,TUR,68,Ankara,176.40.114.96,,,0,,0.2,0,1.0,1.0
35409697,AD73FB9A30F7960F5213CA1A0E82036F,0,0,0,0,neodev,,,,,,,0,,1.0,0,1.0,
35419368,8371783,5,4,5,0,clixsense,TUR,81,Adana,85.99.135.38,,,0,,0.2,0,1.0,1.0
35432431,5154480,15,0,7,0,clixsense,TUR,46,Kahramanmaras,85.104.155.236,,,0,,1.0,300,,1.0
35434175,8376781,5,3,5,0,clixsense,TUR,68,Ankara,5.46.99.172,,,0,,0.4,300,,1.0
35435052,B5F9171403ED6260646998E1CBB70BF7,0,0,0,0,neodev,,,,,,,0,,1.0,0,,1.0
35439446,7454BCAA99E240B26B390050D52FDAD3,60,1,16,0,neodev,TUR,34,Istanbul,88.238.172.137,,,0,,0.9375,25,1.0,1.0
35440125,8379137,15,2,7,0,clixsense,TUR,68,Ankara,144.122.119.60,,,0,,0.7143,8,,1.0
35440562,BFF02297CFEB6CD2E6FC12140E27DCCE,0,0,0,0,neodev,,,,,,,0,,1.0,0,1.0,
35442631,100102,0,0,0,0,elite,,,,,,,0,,1.0,0,1.0,
35443261,8380351,0,0,0,0,clixsense,,,,,,,0,,1.0,0,1.0,
35444188,2A85CFCA84C8851FBD4231B0CD821AB6,0,0,0,0,neodev,,,,,,,0,,1.0,0,1.0,
35444243,2A85CFCA84C8851F5355075356E29B0C,0,0,0,0,neodev,,,,,,,0,,1.0,0,1.0,
35445152,ATHENIISKG,0,0,0,0,hiving,,,,,,,0,,1.0,0,,1.0
35445418,8381242,5,3,5,0,clixsense,TUR,"","",5.46.12.140,,,0,,0.4,300,,1.0
35446607,8381336,775,24,158,1,clixsense,TUR,71,Konya,31.155.97.211,,,0,,0.8481,46,1.0,1.0
35447570,8381868,5,2,5,0,clixsense,TUR,20,Denizli,212.252.99.151,,,0,,0.6,300,,1.0
35447915,D61A2A76FED927E9999200CE4C413AA0,0,0,0,0,neodev,,,,,,,0,,1.0,0,,
35448680,8381005,5,2,5,0,clixsense,TUR,"","",176.219.147.71,,,0,,0.6,0,1.0,1.0
35453329,8381990,0,0,0,0,clixsense,,,,,,,0,,1.0,0,,1.0
35453471,101133,0,0,0,0,elite,,,,,,,0,,1.0,0,1.0,
35455889,8385083,0,0,0,0,clixsense,,,,,,,0,,1.0,0,1.0,1.0
35456737,8385158,5,2,5,0,clixsense,TUR,35,Izmir,88.246.38.143,,,0,,0.6,300,,1.0
35460513,7545A46EE4C99FB8E0F410E778370DBC,0,0,0,0,neodev,,,,,,,0,,1.0,0,1.0,
35465188,8380277,5,3,5,0,clixsense,TUR,31,Hatay,88.250.29.133,,,0,,0.4,0,,1.0
35467348,101544,0,0,0,0,elite,,,,,,,0,,1.0,0,1.0,1.0
35468289,8389305,0,0,0,0,clixsense,,,,,,,0,,1.0,0,,1.0
35468900,A080DC2B3988B870C72447F05A7256A4,5,2,5,0,neodev,TUR,34,Istanbul,94.123.204.214,,,0,,0.6,0,,1.0
35470135,8389771,5,2,5,0,clixsense,TUR,38,Kayseri,88.236.154.216,,,0,,0.6,0,1.0,1.0
35474281,6C89C3D23ED715590CAD5F2CDE485D23,0,0,0,0,neodev,,,,,,,0,,1.0,0,1.0,
35474870,8391445,0,0,0,0,clixsense,,,,,,,0,,1.0,0,,1.0
35477788,8365664,0,0,0,0,clixsense,,,,,,,0,,1.0,0,1.0,
35477799,9BA6CF554AC47B9F204CFC72B9696897,0,0,0,0,neodev,,,,,,,0,,1.0,0,1.0,
35486379,8B63BFF5EF35DF1BF0151B03A5AFE764,240,11,52,0,neodev,TUR,34,Istanbul,94.123.227.142,,,0,,0.7885,144,,1.0
35487879,8396075,55,3,15,0,clixsense,TUR,34,Istanbul,217.131.98.89,,,0,,0.8,300,1.0,1.0
35491456,8397833,20,3,8,0,clixsense,TUR,07,Antalya,37.155.35.221,,,0,,0.625,300,,1.0
35491465,8379447,5,3,5,0,clixsense,TUR,33,Isparta,95.10.59.245,,,0,,0.4,0,,1.0
35493768,8397887,0,0,0,0,clixsense,,,,,,,0,,1.0,0,1.0,
35495407,8399047,0,0,0,0,clixsense,,,,,,,0,,1.0,0,,1.0
35496072,8399210,0,0,0,0,clixsense,,,,,,,0,,1.0,0,1.0,
35498011,8399204,0,0,0,0,clixsense,,,,,,,0,,1.0,0,1.0,
35502571,8399538,0,0,0,0,clixsense,,,,,,,0,,1.0,0,,1.0
35503104,6026810,0,0,0,0,clixsense,,,,,,,0,,1.0,0,1.0,
35506607,8402392,0,0,0,0,clixsense,,,,,,,0,,1.0,0,,
35507243,8402621,5,5,5,0,clixsense,TUR,81,Adana,178.233.76.87,,,0,,0.0,0,,1.0
35508899,8402580,5,4,5,0,clixsense,TUR,40,Kirsehir,78.176.30.70,,,0,,0.2,0,,
35511208,102197,0,0,0,0,elite,,,,,,,0,,1.0,0,1.0,
35516490,8405896,5,4,5,0,clixsense,TUR,34,Istanbul,178.240.156.228,,,0,,0.2,0,,1.0
35516634,42D90BF91EE7C09D890DB111AF121511,0,0,0,0,neodev,,,,,,,0,,1.0,0,1.0,
35520837,8396598,5,3,5,0,clixsense,TUR,34,Istanbul,88.242.40.113,,,0,,0.4,300,,1.0
35521261,8405111,355,14,74,1,clixsense,TUR,07,Antalya,78.164.225.192,,,0,,0.8108,36,,1.0
35522098,7F6D2057CBE8B647E072395DC2023399,15,2,7,0,neodev,TUR,55,Samsun,46.197.185.158,,,0,,0.7143,300,,1.0
35522368,E9826847D9A0598EF0151B03A5AFE764,0,0,0,0,neodev,,,,,,,0,,1.0,0,1.0,
35522893,1669764,215,3,47,0,tremorgames,TUR,34,Istanbul,78.185.199.87,,,0,,0.9362,28,1.0,1.0
35523893,8408187,0,0,0,0,clixsense,,,,,,,0,,1.0,0,1.0,1.0
35527629,8409662,5,5,5,0,clixsense,TUR,61,Trabzon,78.169.11.169,,,0,,0.0,300,,
35529007,8410540,10,2,6,0,clixsense,TUR,10,Balikesir,85.99.43.168,,,0,,0.6667,300,1.0,1.0
35530407,8411190,0,0,0,0,clixsense,,,,,,,0,,1.0,0,1.0,1.0
35531286,1D0D8B12123A05A287D9602DE7E4D81B,5,4,5,0,neodev,TUR,"","",95.13.177.2,,,0,,0.2,0,,1.0
35535038,8412731,5,2,5,0,clixsense,TUR,68,Ankara,78.165.191.241,,,0,,0.6,300,,1.0
35537490,102343,45,4,13,0,elite,TUR,20,Denizli,85.103.245.46,,,0,,0.6923,300,,1.0
35540215,8328726,5,2,5,0,clixsense,TUR,34,Istanbul,94.55.171.245,,,0,,0.6,0,,1.0
35542839,8415959,5,2,5,0,clixsense,TUR,11,Bilecik,88.224.98.135,,,0,,0.6,0,,1.0
35545111,103141,0,0,0,0,elite,,,,,,,0,,1.0,0,1.0,
35545213,103241,0,0,0,0,elite,,,,,,,0,,1.0,0,1.0,
35546808,8417159,0,0,0,0,clixsense,,,,,,,0,,1.0,0,1.0,
35548200,8417662,5,2,5,0,clixsense,TUR,22,Edirne,88.234.102.175,,,0,,0.6,300,1.0,1.0
35560305,8422053,60,3,16,0,clixsense,TUR,34,Istanbul,178.240.6.245,,,0,,0.8125,23,,1.0
35560611,8422035,315,8,67,0,clixsense,TUR,68,Ankara,85.110.35.133,,,0,,0.8806,22,1.0,1.0
35560883,22578561,0,0,0,0,cotter,,,,,,,0,,1.0,0,1.0,
35565204,8423882,5,5,5,0,clixsense,TUR,19,Ã‡orum,95.8.78.50,,,0,,0.0,300,,1.0
35565834,07B6877D3AC71812204CFC72B9696897,0,0,0,0,neodev,,,,,,,0,,1.0,0,1.0,1.0
35567674,8367131,310,9,66,0,clixsense,TUR,35,Izmir,176.42.210.160,,,0,,0.8636,17,1.0,1.0
35569330,6280D835CED1B855E0643075F37BEF58,90,3,21,1,neodev,TUR,68,Ankara,144.122.140.252,,,0,,0.8571,23,,1.0
35570239,reLo4chelsea,0,0,0,0,instagc,,,,,,,0,,1.0,0,1.0,
35570772,8426063,5,2,5,0,clixsense,TUR,16,Bursa,195.155.101.20,,,0,,0.6,0,,1.0
35571620,F6482C18F39B9303BE2CB08758655D00,0,0,0,0,neodev,,,,,,,0,,1.0,0,1.0,
35581688,F37D99B6ACA36DFE52A6F24AA52E306B,5,3,5,0,neodev,TUR,52,Ordu,88.254.172.104,,,0,,0.4,0,,1.0
35583012,8430511,125,2,29,0,clixsense,TUR,54,Sakarya,85.100.151.203,,,0,,0.931,18,,1.0
35583459,8430565,5,5,5,0,clixsense,TUR,81,Adana,195.142.92.12,,,0,,0.0,0,1.0,1.0
35585291,8431181,5,3,5,0,clixsense,TUR,16,Bursa,212.253.111.223,,,0,,0.4,0,1.0,1.0
35588186,8432357,400,12,82,2,clixsense,TUR,34,Istanbul,81.215.220.148,,,0,,0.8537,127,,1.0
35590375,70415C7478A69A27CE3844F281772807,0,0,0,0,neodev,,,,,,,0,,1.0,0,1.0,
35590904,105126,0,0,0,0,elite,,,,,,,0,,1.0,0,1.0,
35591117,8433618,0,0,0,0,clixsense,,,,,,,0,,1.0,0,,1.0
35599096,105369,0,0,0,0,elite,,,,,,,0,,1.0,0,1.0,1.0
35599549,105390,10,2,6,0,elite,TUR,38,Kayseri,88.249.56.218,,,0,,0.6667,300,1.0,1.0
35600331,A2E48308F7F15C26D73D67AA042E19A6,0,0,0,0,neodev,,,,,,,0,,1.0,0,1.0,
35601888,105469,0,0,0,0,elite,,,,,,,0,,1.0,0,1.0,1.0
35602634,105506,115,2,27,0,elite,TUR,43,KÃ¼tahya,88.245.177.189,,,0,,0.9259,300,1.0,1.0
35603019,8438114,0,0,0,0,clixsense,,,,,,,0,,1.0,0,1.0,
35606599,8439397,5,2,5,0,clixsense,TUR,35,Izmir,195.174.43.173,,,0,,0.6,0,,1.0
35613476,8439524,5,2,5,0,clixsense,TUR,81,Adana,78.164.51.204,,,0,,0.6,300,,1.0
35614998,8442795,5,2,5,0,clixsense,TUR,34,Istanbul,78.191.151.158,,,0,,0.6,0,,
35621224,65C4631EEFAA0492AA5E3A041481982C,5,2,5,0,neodev,TUR,41,Kocaeli,85.108.39.189,,,0,,0.6,300,,1.0
35624303,8317293,665,15,137,0,clixsense,TUR,34,Istanbul,78.174.98.87,,,0,,0.8905,39,1.0,1.0
35630658,72BD3DD9D5CB553E0190D045FA0FE982,5,5,5,0,neodev,TUR,16,Bursa,88.243.50.205,,,0,,0.0,0,,1.0
35636087,8450591,20,3,8,0,clixsense,TUR,22,Edirne,88.234.59.30,,,0,,0.625,300,1.0,1.0
35636884,8450992,665,21,137,0,clixsense,TUR,59,Tekirdag,88.234.68.154,,,0,,0.8467,27,1.0,1.0
35642419,72F9D8B08FE21840B6CB1911CE467178,0,0,0,0,neodev,,,,,,,0,,1.0,0,1.0,
35646676,8454236,275,5,58,1,clixsense,TUR,87,Bartin,78.166.246.111,,,0,,0.9138,27,,1.0
35647393,E56FDCD92F8A7D70CE3844F281772807,5,4,5,0,neodev,TUR,34,Istanbul,78.171.75.87,,,0,,0.2,0,,1.0
35654528,8457114,5,4,5,0,clixsense,TUR,34,Istanbul,176.232.11.102,,,0,,0.2,300,,1.0
35659277,97FE90CAC1D9078A168F3D181200FF42,5,3,5,0,neodev,TUR,32,Mersin,85.98.69.142,,,0,,0.4,0,,1.0
35659364,8456319,5,4,5,0,clixsense,TUR,41,Kocaeli,78.189.35.219,,,0,,0.2,0,,
35659629,8459073,360,7,75,1,clixsense,TUR,34,Istanbul,78.184.91.106,,,0,,0.9067,22,1.0,1.0
35674228,8464036,50,3,14,0,clixsense,TUR,68,Ankara,78.162.233.166,,,0,,0.7857,13,,1.0
35675571,107304,0,0,0,0,elite,,,,,,,0,,1.0,0,1.0,
35677235,8464801,660,11,134,2,clixsense,TUR,35,Izmir,217.131.159.126,,,0,,0.9179,39,1.0,1.0
35680992,1687245,5,5,5,0,tremorgames,ARG,01,Martinez,190.16.147.196,,,0,,0.0,0,1.0,
35682861,107377,5,2,5,0,elite,TUR,34,Istanbul,85.105.41.250,,,0,,0.6,0,,1.0
35683842,8467079,4,3,4,0,clixsense,TUR,03,Afyonkarahisar,195.175.17.66,,,0,,0.25,300,1.0,1.0
35698243,8464610,5,2,5,0,clixsense,TUR,81,Adana,151.250.201.153,,,0,,0.6,300,,1.0
35711191,8A5E83409B46E0DDD73D67AA042E19A6,5,3,5,0,neodev,TUR,32,Mersin,85.98.69.142,,,0,,0.4,0,,1.0
35742849,AF3531DDC78E80EDBD4231B0CD821AB6,0,0,0,0,neodev,,,,,,,0,,1.0,0,1.0,
35756089,1696082,25,0,9,0,tremorgames,TUR,34,Istanbul,78.185.143.96,,,0,,1.0,300,1.0,1.0
35760131,confx,0,0,0,0,instagc,,,,,,,0,,1.0,0,1.0,
35773620,8501895,80,3,20,0,clixsense,TUR,68,Ankara,94.54.60.137,,,0,,0.85,23,1.0,1.0
35787138,109245,0,0,0,0,elite,,,,,,,0,,1.0,0,1.0,
